Scenario,Model,Metric,N_total,N,Mean,SD,MCSE,CI_low,CI_high,P025,P975
F1,GAM,Standardized_IRMSE,275,275,0.120729832705,0.0253062232054,0.00152602267697,0.117738828258,0.123720837152,0.0618532596466,0.164477548025
F1,GAM,Standardized_IAE,275,275,0.104656316958,0.0228588871047,0.0013784427573,0.101954569154,0.107358064762,0.0494716967223,0.139576662912
F1,GAM,Shape_correlation,275,275,0.875018997062,0.109755942992,0.0066185323894,0.862046673578,0.887991320545,0.576164183878,0.978753968686
F1,GAM,Threshold_location_error,275,0,,,,,,,
F1,GPR,Standardized_IRMSE,275,275,0.118050440442,0.034309568494,0.0020689448257,0.113995308583,0.1221055723,0.0600035817386,0.192106772025
F1,GPR,Standardized_IAE,275,275,0.0979210471796,0.031698261766,0.00191147710517,0.0941745520535,0.101667542306,0.0470075045168,0.171299387392
F1,GPR,Shape_correlation,275,275,0.749230483515,0.306913372016,0.0185075726931,0.712955641037,0.785505325993,0.0408863823321,0.975578879193
F1,GPR,Threshold_location_error,275,0,,,,,,,
F1,LMM,Standardized_IRMSE,275,275,0.129048887005,0.0231445129092,0.00139566664137,0.126313380387,0.131784393622,0.0993721818389,0.179277825805
F1,LMM,Standardized_IAE,275,275,0.102783654569,0.0184753970225,0.00111410835957,0.100600002184,0.104967306953,0.076954754859,0.147487689154
F1,LMM,Shape_correlation,275,275,0.795240605615,0.240602494793,0.0145088763428,0.766803207983,0.823678003247,-0.00384965003166,0.909801212877
F1,LMM,Threshold_location_error,275,0,,,,,,,
F1,MERF,Standardized_IRMSE,275,275,0.101522107071,0.0233738264171,0.00140949476619,0.0987594973292,0.104284716813,0.0628673408499,0.149999065884
F1,MERF,Standardized_IAE,275,275,0.0869609729026,0.0203483390059,0.00122705101072,0.0845559529216,0.0893659928836,0.0509692448287,0.128307143605
F1,MERF,Shape_correlation,275,275,0.879098008909,0.140350442807,0.00846345014455,0.862509646626,0.895686371193,0.481189652332,0.9776672332
F1,MERF,Threshold_location_error,275,0,,,,,,,
F1,Mean,Standardized_IRMSE,275,275,0.206538786682,0.0102107154976,0.000615729311756,0.205331957231,0.207745616134,0.192265999619,0.230575440554
F1,Mean,Standardized_IAE,275,275,0.186125337347,0.00718319701404,0.000433163078014,0.185276337714,0.18697433698,0.173643076542,0.20243078139
F1,Mean,Shape_correlation,275,0,,,,,,,
F1,Mean,Threshold_location_error,275,0,,,,,,,
F1,RF,Standardized_IRMSE,275,275,0.105501459666,0.0248534650383,0.00149872033222,0.102563967815,0.108438951517,0.0591390459801,0.154769140321
F1,RF,Standardized_IAE,275,275,0.0905494182873,0.0221176915383,0.00133374698294,0.0879352742008,0.0931635623739,0.0498051264504,0.133189468158
F1,RF,Shape_correlation,275,275,0.887205250286,0.136502882136,0.00823143350629,0.871071640613,0.903338859958,0.498489938136,0.97616256571
F1,RF,Threshold_location_error,275,0,,,,,,,
F2,GAM,Standardized_IRMSE,275,275,0.231170903606,0.0387584784451,0.00233722418995,0.226589944193,0.235751863018,0.155050613907,0.305094185144
F2,GAM,Standardized_IAE,275,275,0.205497719475,0.0304255890593,0.00183473205337,0.20190164465,0.2090937943,0.140271576736,0.258352927978
F2,GAM,Shape_correlation,275,275,0.91462422416,0.0580093070159,0.00349809283128,0.907767962211,0.92148048611,0.788574856247,0.98991389534
F2,GAM,Threshold_location_error,275,0,,,,,,,
F2,GPR,Standardized_IRMSE,275,275,0.20799690358,0.0847412773784,0.00511009129672,0.197981124638,0.218012682522,0.0646102065947,0.34670076986
F2,GPR,Standardized_IAE,275,275,0.176783469596,0.0782481957604,0.0047185437429,0.16753512386,0.186031815332,0.0485476784547,0.294168246985
F2,GPR,Shape_correlation,275,275,0.860080245161,0.257850186757,0.0155489513018,0.82960430061,0.890556189713,0.0691166458634,0.991844011712
F2,GPR,Threshold_location_error,275,0,,,,,,,
F2,LMM,Standardized_IRMSE,275,275,0.295275336622,0.144425296343,0.00870917305826,0.278205357428,0.312345315816,0.145580160404,0.631332533769
F2,LMM,Standardized_IAE,275,275,0.226041994681,0.121360310968,0.00731830210769,0.21169812255,0.240385866812,0.113755240169,0.548435261327
F2,LMM,Shape_correlation,275,275,0.504378844003,0.711178407207,0.0428856715583,0.420322927748,0.588434760257,-0.891883667939,0.945743183176
F2,LMM,Threshold_location_error,275,0,,,,,,,
F2,MERF,Standardized_IRMSE,275,275,0.193504544157,0.0470654431721,0.0028381530108,0.187941764256,0.199067324059,0.102019737843,0.277733132452
F2,MERF,Standardized_IAE,275,275,0.168705571613,0.0403137649304,0.00243101149383,0.163940789085,0.173470354141,0.0849269764027,0.235612691221
F2,MERF,Shape_correlation,275,275,0.9405568881,0.0405715115004,0.0024465541968,0.935761641874,0.945352134326,0.827905031261,0.984764902488
F2,MERF,Threshold_location_error,275,0,,,,,,,
F2,Mean,Standardized_IRMSE,275,275,0.313644459151,0.0245260853752,0.00147897859574,0.310745661103,0.316543257198,0.285716346213,0.386396125197
F2,Mean,Standardized_IAE,275,275,0.282494396886,0.0147124473277,0.000887193955159,0.280755496734,0.284233297038,0.258799289863,0.317666588698
F2,Mean,Shape_correlation,275,0,,,,,,,
F2,Mean,Threshold_location_error,275,0,,,,,,,
F2,RF,Standardized_IRMSE,275,275,0.19927041966,0.044135425014,0.0026614662679,0.194053945775,0.204486893545,0.108112249693,0.283246347274
F2,RF,Standardized_IAE,275,275,0.17470468507,0.037104200558,0.00223746747994,0.170319248809,0.179090121331,0.0922951201349,0.243399847331
F2,RF,Shape_correlation,275,275,0.94363181463,0.0374266941642,0.00225691457611,0.939208262061,0.9480553672,0.842740636033,0.985998460506
F2,RF,Threshold_location_error,275,0,,,,,,,
F3,GAM,Standardized_IRMSE,300,300,0.169530538525,0.0300725148573,0.00173623745481,0.166127513114,0.172933563937,0.117788075176,0.226917123566
F3,GAM,Standardized_IAE,300,300,0.148591226529,0.025996062923,0.00150088339265,0.145649495079,0.151532957978,0.100123873588,0.203617342737
F3,GAM,Shape_correlation,300,300,0.895083206132,0.117951224387,0.0068099171151,0.881735768587,0.908430643678,0.649764965451,0.988190604342
F3,GAM,Threshold_location_error,300,0,,,,,,,
F3,GPR,Standardized_IRMSE,300,300,0.181874431241,0.0530379661701,0.00306214840456,0.175872620368,0.187876242114,0.0874672539729,0.28179256887
F3,GPR,Standardized_IAE,300,300,0.15389285709,0.0490681033624,0.00283294826849,0.148340278484,0.159445435696,0.0684051941417,0.243991424006
F3,GPR,Shape_correlation,300,300,0.751756124662,0.293624589001,0.01695242355,0.718529374504,0.78498287482,0.0103133180968,0.967713123257
F3,GPR,Threshold_location_error,300,0,,,,,,,
F3,LMM,Standardized_IRMSE,300,300,0.180095651665,0.041178698609,0.00237745327268,0.175435843251,0.18475546008,0.12569749156,0.278765234835
F3,LMM,Standardized_IAE,300,300,0.147642060688,0.0373573419845,0.00215682714509,0.143414679484,0.151869441893,0.0973275071561,0.242090383182
F3,LMM,Shape_correlation,300,300,0.73687125343,0.320724517761,0.0185170386665,0.700577857644,0.773164649217,-0.0176930387853,0.907162689918
F3,LMM,Threshold_location_error,300,0,,,,,,,
F3,MERF,Standardized_IRMSE,300,300,0.163498564667,0.0335866977883,0.00193912890093,0.159697872021,0.167299257313,0.103137146763,0.226271760173
F3,MERF,Standardized_IAE,300,300,0.143239863529,0.0296390359388,0.00171121053778,0.139885890875,0.146593836183,0.0880404366026,0.200610583988
F3,MERF,Shape_correlation,300,300,0.91753460813,0.0919320398709,0.00530769879666,0.907131518489,0.927937697772,0.697965544067,0.977887313393
F3,MERF,Threshold_location_error,300,0,,,,,,,
F3,Mean,Standardized_IRMSE,300,300,0.258254305896,0.0139891809874,0.000807665740883,0.256671281044,0.259837330748,0.24131017147,0.292312812011
F3,Mean,Standardized_IAE,300,300,0.232357176011,0.00935259755478,0.000539972471588,0.231298829966,0.233415522055,0.217353782046,0.251591396153
F3,Mean,Shape_correlation,300,0,,,,,,,
F3,Mean,Threshold_location_error,300,0,,,,,,,
F3,RF,Standardized_IRMSE,300,300,0.165884099711,0.0314385022895,0.00181510277598,0.16232649827,0.169441701152,0.10515380091,0.223572820808
F3,RF,Standardized_IAE,300,300,0.145537841576,0.0280087675621,0.00161708694917,0.142368351155,0.148707331996,0.0911219682578,0.196333339501
F3,RF,Shape_correlation,300,300,0.91673664357,0.0927327403556,0.0053539272607,0.906242946139,0.927230341001,0.638519107901,0.978105032341
F3,RF,Threshold_location_error,300,0,,,,,,,
S1,GAM,Standardized_IRMSE,200,200,0.290345030879,0.0980555622233,0.00693357529812,0.276755223294,0.303934838463,0.0930031966043,0.431227771891
S1,GAM,Standardized_IAE,200,200,0.191420203591,0.0762717306893,0.00539322579833,0.180849481026,0.201990926156,0.0512268878838,0.290230368936
S1,GAM,Shape_correlation,200,200,0.947053520909,0.0544740151466,0.00385189455086,0.939503807589,0.954603234229,0.797198127265,0.994160877155
S1,GAM,Threshold_location_error,200,0,,,,,,,
S1,GPR,Standardized_IRMSE,200,200,0.17940769167,0.0901091700944,0.00637168052208,0.166919197847,0.191896185494,0.0399637381267,0.414730844099
S1,GPR,Standardized_IAE,200,200,0.10267100306,0.0500232892816,0.00353718070683,0.0957381288743,0.109603877245,0.0254871767205,0.214203832263
S1,GPR,Shape_correlation,200,200,0.95320234519,0.05936656571,0.00419785011893,0.944974558957,0.961430131423,0.81938758267,0.998188509243
S1,GPR,Threshold_location_error,200,0,,,,,,,
S1,LMM,Standardized_IRMSE,200,200,0.0525826472884,0.038443206983,0.00271834523483,0.0472546906281,0.0579106039487,0.00159764001184,0.139491240775
S1,LMM,Standardized_IAE,200,200,0.0408229287606,0.0297207964016,0.00210157766779,0.0367038365318,0.0449420209895,0.00122883860569,0.110026668472
S1,LMM,Shape_correlation,200,200,1,1.45118623441e-16,1.02614362711e-17,1,1,1,1
S1,LMM,Threshold_location_error,200,0,,,,,,,
S1,MERF,Standardized_IRMSE,200,200,0.251691090203,0.0496546235828,0.00351111210527,0.244809310477,0.25857286993,0.169416363605,0.347374065376
S1,MERF,Standardized_IAE,200,200,0.157804863768,0.0335727326107,0.0023739506892,0.153151920417,0.162457807119,0.102177999776,0.222654783554
S1,MERF,Shape_correlation,200,200,0.918758770196,0.033301682791,0.00235478457265,0.914143392433,0.923374147958,0.836512711837,0.96846150118
S1,MERF,Threshold_location_error,200,0,,,,,,,
S1,Mean,Standardized_IRMSE,200,200,0.554948177783,0.0248814950472,0.00175938738739,0.551499778504,0.558396577062,0.513651645487,0.611510111106
S1,Mean,Standardized_IAE,200,200,0.431172426623,0.0137127033771,0.000969634554633,0.429271942896,0.433072910351,0.407064638376,0.459956774305
S1,Mean,Shape_correlation,200,0,,,,,,,
S1,Mean,Threshold_location_error,200,0,,,,,,,
S1,RF,Standardized_IRMSE,200,200,0.253976523278,0.0540614855656,0.00382272430445,0.246483983642,0.261469062915,0.165353521601,0.356587639949
S1,RF,Standardized_IAE,200,200,0.159850295342,0.037624469895,0.00266045178013,0.154635809853,0.165064780831,0.0986038216681,0.233761627011
S1,RF,Shape_correlation,200,200,0.91735373119,0.0348245757547,0.00246246936681,0.912527291231,0.922180171149,0.84835376993,0.972148060691
S1,RF,Threshold_location_error,200,0,,,,,,,
S2,GAM,Standardized_IRMSE,200,200,0.264107293283,0.0834582546742,0.00590138978261,0.252540569309,0.275674017257,0.132492739828,0.400454198793
S2,GAM,Standardized_IAE,200,200,0.222526355752,0.0535185884978,0.00378433568463,0.215109057811,0.229943653694,0.117876845255,0.339788186098
S2,GAM,Shape_correlation,200,200,0.954979728988,0.0668450812338,0.00472666102294,0.945715473383,0.964243984593,0.841635436851,0.994447291732
S2,GAM,Threshold_location_error,200,0,,,,,,,
S2,GPR,Standardized_IRMSE,200,200,0.172547651791,0.0928447573668,0.00656511575317,0.159680024914,0.185415278667,0.0620018477169,0.383317498511
S2,GPR,Standardized_IAE,200,200,0.120948720865,0.0515275491398,0.00364354794147,0.113807366899,0.12809007483,0.0415862004421,0.225355533363
S2,GPR,Shape_correlation,200,200,0.953533886218,0.0566350167817,0.0040047004419,0.945684673351,0.961383099084,0.800242460482,0.997517604286
S2,GPR,Threshold_location_error,200,0,,,,,,,
S2,LMM,Standardized_IRMSE,200,200,0.287329901334,0.0301937788952,0.00213502258065,0.283145257076,0.291514545592,0.238201159674,0.384234849241
S2,LMM,Standardized_IAE,200,200,0.246368123616,0.0295385645096,0.00208869192713,0.242274287439,0.250461959793,0.202989682705,0.318025206331
S2,LMM,Shape_correlation,200,200,0.868895182482,0.0267135094695,0.00188893036952,0.865192878957,0.872597486006,0.836855630461,0.939937932106
S2,LMM,Threshold_location_error,200,0,,,,,,,
S2,MERF,Standardized_IRMSE,200,200,0.177103962527,0.0606969661461,0.00429192363594,0.168691792201,0.185516132853,0.0991393820673,0.286408924865
S2,MERF,Standardized_IAE,200,200,0.145344222076,0.0371499054863,0.00262689500898,0.140195507858,0.150492936293,0.0827548722609,0.225855393616
S2,MERF,Shape_correlation,200,200,0.962439938141,0.0236266787772,0.00167065847803,0.959165447524,0.965714428758,0.911615933673,0.988461968283
S2,MERF,Threshold_location_error,200,0,,,,,,,
S2,Mean,Standardized_IRMSE,200,200,0.544746342974,0.041349105198,0.00292382326815,0.539015649368,0.550477036579,0.510237175634,0.625368547151
S2,Mean,Standardized_IAE,200,200,0.49098019537,0.0245638615368,0.00173692730648,0.48757581785,0.494384572891,0.460615529394,0.549354713251
S2,Mean,Shape_correlation,200,0,,,,,,,
S2,Mean,Threshold_location_error,200,0,,,,,,,
S2,RF,Standardized_IRMSE,200,200,0.176762017508,0.0597045906275,0.00422175209007,0.168487383411,0.185036651604,0.0974368524037,0.323214484886
S2,RF,Standardized_IAE,200,200,0.145129626733,0.0377442575036,0.00266892204316,0.139898539528,0.150360713937,0.081241714629,0.238507297514
S2,RF,Shape_correlation,200,200,0.963922676809,0.0235678649274,0.00166649971082,0.960656337376,0.967189016242,0.922759947591,0.988516809364
S2,RF,Threshold_location_error,200,0,,,,,,,
S2_N100_V2,GAM,Standardized_IRMSE,200,200,0.2546295701,0.097247655968,0.00687644769895,0.24115173261,0.26810740759,0.139758502383,0.364131885539
S2_N100_V2,GAM,Standardized_IAE,200,200,0.217509789244,0.0510586371418,0.00361039085611,0.210433423166,0.224586155322,0.118947117721,0.31989299685
S2_N100_V2,GAM,Shape_correlation,200,200,0.961548404728,0.0925598482536,0.00654496963657,0.94872026424,0.974376545215,0.827387455527,0.99597038974
S2_N100_V2,GAM,Threshold_location_error,200,0,,,,,,,
S2_N100_V2,GPR,Standardized_IRMSE,200,200,0.158929843172,0.103940897686,0.00734973135963,0.144524369707,0.173335316636,0.0565226004674,0.340233599886
S2_N100_V2,GPR,Standardized_IAE,200,200,0.114979924192,0.0551452831012,0.00389936036313,0.107337177881,0.122622670504,0.0408829692217,0.228794673338
S2_N100_V2,GPR,Shape_correlation,200,200,0.959312685468,0.0682540002064,0.00482628663891,0.949853163656,0.96877220728,0.840521901046,0.996830954227
S2_N100_V2,GPR,Threshold_location_error,200,0,,,,,,,
S2_N100_V2,LMM,Standardized_IRMSE,200,200,0.291424792601,0.0364946535914,0.00258056170316,0.286366891662,0.296482693539,0.245416262796,0.364897210954
S2_N100_V2,LMM,Standardized_IAE,200,200,0.251212761475,0.0317668793144,0.00224625757803,0.246810096622,0.255615426328,0.203169623878,0.319037511811
S2_N100_V2,LMM,Shape_correlation,200,200,0.863245785598,0.0251452029576,0.00177803435256,0.859760838267,0.866730732929,0.824946003835,0.928535883187
S2_N100_V2,LMM,Threshold_location_error,200,0,,,,,,,
S2_N100_V2,MERF,Standardized_IRMSE,200,200,0.178841331136,0.0769303883846,0.00543979993061,0.168179323272,0.189503339,0.118265430179,0.288756473515
S2_N100_V2,MERF,Standardized_IAE,200,200,0.147771704098,0.0399645667848,0.00282592161807,0.142232897726,0.153310510469,0.0941362612648,0.230075540012
S2_N100_V2,MERF,Shape_correlation,200,200,0.95773086231,0.0346583648477,0.00245071648087,0.952927458008,0.962534266613,0.90523467574,0.98310789703
S2_N100_V2,MERF,Threshold_location_error,200,0,,,,,,,
S2_N100_V2,Mean,Standardized_IRMSE,200,200,0.535042243274,0.0571982588659,0.00404452767161,0.527114969037,0.54296951751,0.495485471658,0.592031027686
S2_N100_V2,Mean,Standardized_IAE,200,200,0.482115186726,0.0275881482466,0.00195077667055,0.478291664452,0.485938709,0.447619170467,0.534426023473
S2_N100_V2,Mean,Shape_correlation,200,0,,,,,,,
S2_N100_V2,Mean,Threshold_location_error,200,0,,,,,,,
S2_N100_V2,RF,Standardized_IRMSE,200,200,0.171969026116,0.0768688141448,0.00543544597435,0.161315552006,0.182622500226,0.106392060215,0.289715207688
S2_N100_V2,RF,Standardized_IAE,200,200,0.141605179817,0.0390383298438,0.00276042677587,0.136194743336,0.147015616297,0.0907743606236,0.22723871556
S2_N100_V2,RF,Shape_correlation,200,200,0.961423870612,0.0344850267956,0.00243845962966,0.956644489737,0.966203251486,0.910530961224,0.986888425659
S2_N100_V2,RF,Threshold_location_error,200,0,,,,,,,
S2_N100_V4,GAM,Standardized_IRMSE,200,200,0.210734533772,0.0903452268784,0.00638837225736,0.198213324148,0.223255743397,0.0901515037292,0.446810743676
S2_N100_V4,GAM,Standardized_IAE,200,200,0.16900585611,0.0443141795346,0.00313348568516,0.162864224167,0.175147488053,0.0779617526358,0.268420208082
S2_N100_V4,GAM,Shape_correlation,200,200,0.961060935726,0.0645783047593,0.00456637572128,0.952110839312,0.97001103214,0.760198940782,0.994486399129
S2_N100_V4,GAM,Threshold_location_error,200,0,,,,,,,
S2_N100_V4,GPR,Standardized_IRMSE,200,200,0.145500393393,0.1005653274,0.00711104249571,0.131562750101,0.159438036684,0.0463372751676,0.381912598929
S2_N100_V4,GPR,Standardized_IAE,200,200,0.0875806974346,0.0460613175402,0.00325702699831,0.081196924518,0.0939644703513,0.0297416050092,0.198998851391
S2_N100_V4,GPR,Shape_correlation,200,200,0.959653759372,0.059581836025,0.00421307202888,0.951396138196,0.967911380549,0.801931915083,0.998271651372
S2_N100_V4,GPR,Threshold_location_error,200,0,,,,,,,
S2_N100_V4,LMM,Standardized_IRMSE,200,200,0.27938846823,0.0235845709478,0.00166768100485,0.27611981346,0.282657123,0.234530531949,0.324335021997
S2_N100_V4,LMM,Standardized_IAE,200,200,0.24544326576,0.0228417124585,0.00161515297733,0.242277565925,0.248608965596,0.205657215389,0.293566343439
S2_N100_V4,LMM,Shape_correlation,200,200,0.872614816047,0.0276403694999,0.00195446927079,0.868784056276,0.876445575818,0.843890308846,0.959833632343
S2_N100_V4,LMM,Threshold_location_error,200,0,,,,,,,
S2_N100_V4,MERF,Standardized_IRMSE,200,200,0.152074612522,0.0642316237904,0.00454186167488,0.14317256364,0.160976661405,0.0911486094895,0.305371924461
S2_N100_V4,MERF,Standardized_IAE,200,200,0.121485733154,0.0304826681363,0.00215545013478,0.11726105089,0.125710415418,0.0787786841933,0.188912332496
S2_N100_V4,MERF,Shape_correlation,200,200,0.969633387688,0.0248249037199,0.00175538577627,0.966192831566,0.973073943809,0.916051715258,0.990310434285
S2_N100_V4,MERF,Threshold_location_error,200,0,,,,,,,
S2_N100_V4,Mean,Standardized_IRMSE,200,200,0.550526781502,0.0468797841685,0.00331490132861,0.544029574898,0.557023988106,0.512745628611,0.660040571673
S2_N100_V4,Mean,Standardized_IAE,200,200,0.494976747114,0.0245650522874,0.00173701150526,0.491572204564,0.498381289664,0.463828462647,0.552982480959
S2_N100_V4,Mean,Shape_correlation,200,0,,,,,,,
S2_N100_V4,Mean,Threshold_location_error,200,0,,,,,,,
S2_N100_V4,RF,Standardized_IRMSE,200,200,0.152564657127,0.0656777543141,0.00464411854486,0.143462184779,0.161667129475,0.094795185963,0.311246117063
S2_N100_V4,RF,Standardized_IAE,200,200,0.121953841365,0.0307980521885,0.00217775115498,0.117685449101,0.126222233629,0.0799018734087,0.195337234991
S2_N100_V4,RF,Shape_correlation,200,200,0.969558319771,0.0249437289072,0.00176378798584,0.966101295319,0.973015344223,0.91590187175,0.989493498188
S2_N100_V4,RF,Threshold_location_error,200,0,,,,,,,
S2_N25_V2,GAM,Standardized_IRMSE,200,200,0.379655638162,0.093042462146,0.00657909559217,0.366760610801,0.392550665522,0.16225725373,0.540008767107
S2_N25_V2,GAM,Standardized_IAE,200,200,0.336063793853,0.0813149876349,0.00574983791687,0.324794111536,0.34733347617,0.14481078915,0.448477845554
S2_N25_V2,GAM,Shape_correlation,200,200,0.93744652759,0.0645294433588,0.00456292069852,0.928503203021,0.946389852159,0.756393090194,0.996068139598
S2_N25_V2,GAM,Threshold_location_error,200,0,,,,,,,
S2_N25_V2,GPR,Standardized_IRMSE,200,200,0.317716716158,0.150909630313,0.0106709222941,0.296801708462,0.338631723855,0.0972642303191,0.547718114753
S2_N25_V2,GPR,Standardized_IAE,200,200,0.267327073266,0.137973760819,0.00975621819007,0.248204885614,0.286449260919,0.0758941799583,0.499548935912
S2_N25_V2,GPR,Shape_correlation,200,200,0.886457903716,0.150212833847,0.0106216513435,0.865639467083,0.907276340349,0.537756131427,0.993878474355
S2_N25_V2,GPR,Threshold_location_error,200,0,,,,,,,
S2_N25_V2,LMM,Standardized_IRMSE,200,200,0.345688919873,0.103015525896,0.00728429769289,0.331411696395,0.359966143351,0.243645113322,0.612919761826
S2_N25_V2,LMM,Standardized_IAE,200,200,0.283701627827,0.0921169873129,0.00651365463914,0.270934864734,0.296468390919,0.192792380267,0.533862317976
S2_N25_V2,LMM,Shape_correlation,200,200,0.775675729805,0.379233797736,0.0268158790035,0.723116606958,0.828234852652,-0.860100104333,0.946256245496
S2_N25_V2,LMM,Threshold_location_error,200,0,,,,,,,
S2_N25_V2,MERF,Standardized_IRMSE,200,200,0.301120465988,0.0899350040368,0.00635936512204,0.288656110349,0.313584821627,0.163539256876,0.470732381517
S2_N25_V2,MERF,Standardized_IAE,200,200,0.260204315161,0.0794135856998,0.00561538849667,0.249198153708,0.271210476615,0.145726422523,0.42303610136
S2_N25_V2,MERF,Shape_correlation,200,200,0.932845295754,0.0449411005406,0.00317781569462,0.926616776993,0.939073814516,0.818900918502,0.980859264216
S2_N25_V2,MERF,Threshold_location_error,200,0,,,,,,,
S2_N25_V2,Mean,Standardized_IRMSE,200,200,0.536549879435,0.0391245107253,0.00276652068445,0.531127498893,0.541972259976,0.494811185024,0.636042558838
S2_N25_V2,Mean,Standardized_IAE,200,200,0.48416618694,0.0246820745929,0.00174528623184,0.480745425926,0.487586947954,0.449346589381,0.533658961207
S2_N25_V2,Mean,Shape_correlation,200,0,,,,,,,
S2_N25_V2,Mean,Threshold_location_error,200,0,,,,,,,
S2_N25_V2,RF,Standardized_IRMSE,200,200,0.298553021779,0.0931773473921,0.0065886334194,0.285639300277,0.311466743281,0.154050170036,0.479216035856
S2_N25_V2,RF,Standardized_IAE,200,200,0.257834547538,0.0822713826534,0.00581746525718,0.246432315634,0.269236779442,0.127627483714,0.422394225725
S2_N25_V2,RF,Shape_correlation,200,200,0.93625817005,0.0404991666478,0.00286372353691,0.930645271918,0.941871068182,0.840072907503,0.978557327355
S2_N25_V2,RF,Threshold_location_error,200,0,,,,,,,
S2_N25_V4,GAM,Standardized_IRMSE,200,200,0.336018403453,0.0834420155654,0.00590024150421,0.324453930105,0.347582876801,0.169968149302,0.488311828781
S2_N25_V4,GAM,Standardized_IAE,200,200,0.291558477452,0.069276194469,0.00489856668838,0.281957286743,0.301159668161,0.127783485871,0.421523423788
S2_N25_V4,GAM,Shape_correlation,200,200,0.943486807678,0.0515385808125,0.00364432799852,0.936343924801,0.950629690555,0.798457720364,0.995398958034
S2_N25_V4,GAM,Threshold_location_error,200,0,,,,,,,
S2_N25_V4,GPR,Standardized_IRMSE,200,200,0.22485703478,0.108890772,0.007699740329,0.209765543736,0.239948525825,0.0886292044735,0.434696704414
S2_N25_V4,GPR,Standardized_IAE,200,200,0.169245690936,0.0821655754209,0.00580998355602,0.157858123166,0.180633258706,0.0640637128463,0.356844845323
S2_N25_V4,GPR,Shape_correlation,200,200,0.93551150932,0.0654143495143,0.00462549301284,0.926445543015,0.944577475625,0.749904118581,0.993037056188
S2_N25_V4,GPR,Threshold_location_error,200,0,,,,,,,
S2_N25_V4,LMM,Standardized_IRMSE,200,200,0.307590601564,0.0532659737596,0.00376647312519,0.300208314239,0.314972888889,0.246148682268,0.4587456862
S2_N25_V4,LMM,Standardized_IAE,200,200,0.252947278706,0.0499313419373,0.00353067904776,0.246027147772,0.259867409639,0.192403910921,0.389139737839
S2_N25_V4,LMM,Shape_correlation,200,200,0.871559176469,0.028201987576,0.00199418166579,0.867650580404,0.875467772534,0.839204968538,0.950008015652
S2_N25_V4,LMM,Threshold_location_error,200,0,,,,,,,
S2_N25_V4,MERF,Standardized_IRMSE,200,200,0.232242771143,0.0775948522077,0.00548678461812,0.221488673292,0.242996868995,0.129926575836,0.375429957515
S2_N25_V4,MERF,Standardized_IAE,200,200,0.194220293482,0.0570797286286,0.00403614631816,0.186309446698,0.202131140265,0.108246326358,0.307749062563
S2_N25_V4,MERF,Shape_correlation,200,200,0.950337979044,0.0303649464994,0.00214712595801,0.946129612166,0.954546345922,0.879466292113,0.984044203236
S2_N25_V4,MERF,Threshold_location_error,200,0,,,,,,,
S2_N25_V4,Mean,Standardized_IRMSE,200,200,0.549827623579,0.0432466944671,0.00305800309216,0.543833937519,0.55582130964,0.51154425656,0.641429472441
S2_N25_V4,Mean,Standardized_IAE,200,200,0.495475592773,0.023253924745,0.00164430078764,0.49225276323,0.498698422317,0.46489723091,0.545120728128
S2_N25_V4,Mean,Shape_correlation,200,0,,,,,,,
S2_N25_V4,Mean,Threshold_location_error,200,0,,,,,,,
S2_N25_V4,RF,Standardized_IRMSE,200,200,0.23652174775,0.0847039891599,0.00598947651285,0.224782373785,0.248261121715,0.120380116528,0.40116341514
S2_N25_V4,RF,Standardized_IAE,200,200,0.198526834372,0.065540460517,0.00463441040737,0.189443389973,0.20761027877,0.0999387078551,0.349821368814
S2_N25_V4,RF,Shape_correlation,200,200,0.951641658973,0.031245770295,0.0022094096059,0.947311216146,0.955972101801,0.864303932342,0.983366175512
S2_N25_V4,RF,Threshold_location_error,200,0,,,,,,,
S2_N50_V2,GAM,Standardized_IRMSE,200,200,0.322359898533,0.0856998900093,0.00605989733725,0.310482499752,0.334237297314,0.130062462517,0.486079711081
S2_N50_V2,GAM,Standardized_IAE,200,200,0.282502765466,0.068595152839,0.0048504097729,0.272995962311,0.292009568621,0.103263934517,0.401635126136
S2_N50_V2,GAM,Shape_correlation,200,200,0.952529784412,0.0600396014418,0.00424544093193,0.944208720186,0.960850848639,0.806938366348,0.99626160522
S2_N50_V2,GAM,Threshold_location_error,200,0,,,,,,,
S2_N50_V2,GPR,Standardized_IRMSE,200,200,0.206584084657,0.107983748889,0.0076356041097,0.191618300602,0.221549868712,0.0785076070148,0.523040215569
S2_N50_V2,GPR,Standardized_IAE,200,200,0.161945737675,0.0845095652848,0.0059757286688,0.150233309485,0.173658165866,0.0559807868363,0.410109729485
S2_N50_V2,GPR,Shape_correlation,200,200,0.93207718301,0.146587459917,0.0103652986944,0.911761197569,0.952393168452,0.721422597621,0.994290817211
S2_N50_V2,GPR,Threshold_location_error,200,0,,,,,,,
S2_N50_V2,LMM,Standardized_IRMSE,200,200,0.307115974378,0.0498376304228,0.00352405264303,0.300208831198,0.314023117559,0.24423763645,0.430979935883
S2_N50_V2,LMM,Standardized_IAE,200,200,0.25857443745,0.0491248073778,0.00347364844213,0.251766086503,0.265382788396,0.194127241181,0.383004836991
S2_N50_V2,LMM,Shape_correlation,200,200,0.862456076354,0.0262452472447,0.00185581923007,0.858818670663,0.866093482045,0.825902740925,0.931540825272
S2_N50_V2,LMM,Threshold_location_error,200,0,,,,,,,
S2_N50_V2,MERF,Standardized_IRMSE,200,200,0.218091739177,0.0741159981691,0.00524079248998,0.207819785897,0.228363692457,0.119396353509,0.388585834382
S2_N50_V2,MERF,Standardized_IAE,200,200,0.184367413019,0.0555532067549,0.0039282049213,0.176668131373,0.192066694665,0.0998520351297,0.318009983387
S2_N50_V2,MERF,Shape_correlation,200,200,0.949182277944,0.032031977829,0.00226500287377,0.944742872312,0.953621683577,0.868334805093,0.982479061888
S2_N50_V2,MERF,Threshold_location_error,200,0,,,,,,,
S2_N50_V2,Mean,Standardized_IRMSE,200,200,0.533193138172,0.0420558873426,0.00297380031288,0.527364489559,0.539021786786,0.494731184176,0.608356120318
S2_N50_V2,Mean,Standardized_IAE,200,200,0.481872070811,0.0252068961322,0.00178239671877,0.478378573242,0.48536556838,0.447221498461,0.544064393902
S2_N50_V2,Mean,Shape_correlation,200,0,,,,,,,
S2_N50_V2,Mean,Threshold_location_error,200,0,,,,,,,
S2_N50_V2,RF,Standardized_IRMSE,200,200,0.213763418267,0.0750759190393,0.00530866914565,0.203358426742,0.224168409793,0.120937181522,0.390489129217
S2_N50_V2,RF,Standardized_IAE,200,200,0.180523594394,0.0572898277104,0.00405100256671,0.172583629363,0.188463559425,0.0994721573216,0.338019280457
S2_N50_V2,RF,Shape_correlation,200,200,0.952712451435,0.0315107412127,0.00222814587917,0.948345285512,0.957079617358,0.864367114326,0.984374852607
S2_N50_V2,RF,Threshold_location_error,200,0,,,,,,,
S3,GAM,Standardized_IRMSE,200,200,0.41041752103,0.158619282746,0.0112160770457,0.388434010021,0.43240103204,0.124420193237,0.647938969498
S3,GAM,Standardized_IAE,200,200,0.24970232009,0.0977599480039,0.0069126722162,0.236153482547,0.263251157634,0.0824480443722,0.402966940207
S3,GAM,Shape_correlation,200,200,0.917775113674,0.0696244844663,0.00492319451028,0.908125652434,0.927424574914,0.729078838493,0.994421291221
S3,GAM,Threshold_location_error,200,200,0.827496068164,0.400751766909,0.0283374291954,0.771954706941,0.883037429387,0.0402112399273,1.23484373529
S3,GPR,Standardized_IRMSE,200,200,0.325854636624,0.156374379029,0.0110573383815,0.304182253396,0.347527019851,0.0862263861617,0.66584787964
S3,GPR,Standardized_IAE,200,200,0.174649425552,0.0744224057742,0.00526245877952,0.164335006344,0.18496384476,0.0606720764343,0.333055626417
S3,GPR,Shape_correlation,200,200,0.902774958733,0.103693193018,0.00733221599456,0.888403815384,0.917146102083,0.565708753229,0.995832323579
S3,GPR,Threshold_location_error,200,200,0.98368278789,0.300588188821,0.021254794666,0.942023390345,1.02534218544,0.125039311397,1.22858247312
S3,LMM,Standardized_IRMSE,200,200,0.385413206961,0.0522643410411,0.00369564699644,0.378169738848,0.392656675074,0.311163497972,0.508769726639
S3,LMM,Standardized_IAE,200,200,0.273804246106,0.0192869072647,0.0013637902915,0.271131217135,0.276477275078,0.242851695105,0.320931547641
S3,LMM,Shape_correlation,200,200,0.886167435599,0.0104381660491,0.000738089799649,0.884720779592,0.887614091607,0.868939139961,0.907739020688
S3,LMM,Threshold_location_error,200,200,1.18347398644,0.35683800577,0.0252322573665,1.134018762,1.23292921088,0.147327191432,1.58491136452
S3,MERF,Standardized_IRMSE,200,200,0.382640190634,0.087400489273,0.0061801478644,0.37052710082,0.394753280448,0.237698847518,0.570716761165
S3,MERF,Standardized_IAE,200,200,0.205393342,0.0421056785201,0.0029773210808,0.199557792682,0.211228891318,0.135104314058,0.300978853164
S3,MERF,Shape_correlation,200,200,0.900250520381,0.0432021730292,0.00305485495109,0.894263004677,0.906238036085,0.804089107495,0.975919440077
S3,MERF,Threshold_location_error,200,200,0.504121371709,0.28211828206,0.0199487750342,0.465021772642,0.543220970776,0.0760998193821,1.1639665026
S3,Mean,Standardized_IRMSE,200,200,0.725943711463,0.065425233031,0.00462626259369,0.716876236779,0.735011186147,0.615796016826,0.880755916745
S3,Mean,Standardized_IAE,200,200,0.512315700199,0.0299550304627,0.00211814051708,0.508164144785,0.516467255612,0.456499801033,0.583597234965
S3,Mean,Shape_correlation,200,0,,,,,,,
S3,Mean,Threshold_location_error,200,0,,,,,,,
S3,RF,Standardized_IRMSE,200,200,0.376384949636,0.0898436646779,0.00635290645404,0.363933252986,0.388836646286,0.217656752708,0.555969650962
S3,RF,Standardized_IAE,200,200,0.201059493404,0.0428471522849,0.00302975119352,0.195121181064,0.206997805743,0.118531405856,0.288959014078
S3,RF,Shape_correlation,200,200,0.902563216131,0.0436290188347,0.00308503750745,0.896516542616,0.908609889645,0.814542618826,0.97579777253
S3,RF,Threshold_location_error,200,200,0.529435990521,0.301820084357,0.0213419028347,0.487605860965,0.571266120077,0.0709979705719,1.1552905622
S4,GAM,Standardized_IRMSE,200,200,0.21179654202,0.0535065673844,0.00378348566355,0.20438091012,0.219212173921,0.0942613046116,0.314466953119
S4,GAM,Standardized_IAE,200,200,0.154207413846,0.038899590759,0.00275061644111,0.148816205621,0.15959862207,0.0642174187578,0.210964271809
S4,GAM,Shape_correlation,200,200,0.910653081669,0.0496763305701,0.00351264702106,0.903768293508,0.91753786983,0.77989837324,0.979975609601
S4,GAM,Threshold_location_error,200,0,,,,,,,
S4,GPR,Standardized_IRMSE,200,200,0.136463184845,0.0579826987791,0.00409999594982,0.128427192783,0.144499176907,0.0527341584775,0.285634418248
S4,GPR,Standardized_IAE,200,200,0.0868150796337,0.0314412627392,0.0022232330092,0.0824575429357,0.0911726163317,0.0338786575886,0.156215554329
S4,GPR,Shape_correlation,200,200,0.963115975682,0.0381331856528,0.00269642341633,0.957830985786,0.968400965578,0.862663361489,0.996557429243
S4,GPR,Threshold_location_error,200,0,,,,,,,
S4,LMM,Standardized_IRMSE,200,200,0.177254152939,0.0266959943561,0.00188769186397,0.173554276886,0.180954028992,0.137659073592,0.231788154215
S4,LMM,Standardized_IAE,200,200,0.149957603582,0.0240726578057,0.00170219395756,0.146621303425,0.153293903738,0.108296952564,0.19786731918
S4,LMM,Shape_correlation,200,200,0.936719651615,0.0152461088545,0.00107806269577,0.934606648732,0.938832654499,0.919282780041,0.98016479712
S4,LMM,Threshold_location_error,200,0,,,,,,,
S4,MERF,Standardized_IRMSE,200,200,0.182163661685,0.0331752282768,0.00234584288819,0.177565809624,0.186761513746,0.135794839617,0.287271330166
S4,MERF,Standardized_IAE,200,200,0.135027614179,0.0204471502521,0.00144583185992,0.132193783733,0.137861444624,0.0988419471119,0.173869278706
S4,MERF,Shape_correlation,200,200,0.934298966399,0.024742708686,0.00174957370968,0.930869801928,0.93772813087,0.872396271776,0.969050214027
S4,MERF,Threshold_location_error,200,0,,,,,,,
S4,Mean,Standardized_IRMSE,200,200,0.431576089348,0.0224903064144,0.00159030481766,0.428459091905,0.43469308679,0.400283056097,0.497883326619
S4,Mean,Standardized_IAE,200,200,0.368975657939,0.0133291448009,0.000942512867613,0.367128332718,0.370822983159,0.346359142346,0.399445838469
S4,Mean,Shape_correlation,200,0,,,,,,,
S4,Mean,Threshold_location_error,200,0,,,,,,,
S4,RF,Standardized_IRMSE,200,200,0.177431079271,0.0343367538591,0.00242797514977,0.172672247978,0.182189910565,0.128932793109,0.284919073903
S4,RF,Standardized_IAE,200,200,0.131416098701,0.0222255784145,0.00157158572127,0.128335790687,0.134496406715,0.0951406472098,0.176056091443
S4,RF,Shape_correlation,200,200,0.935861907047,0.0233511544015,0.00165117596258,0.93262560216,0.939098211934,0.88816410619,0.970897824394
S4,RF,Threshold_location_error,200,0,,,,,,,
S6,GAM,Standardized_IRMSE,200,200,0.24706582669,0.0725723113304,0.00513163734681,0.23700781749,0.25712383589,0.132089909348,0.390401463697
S6,GAM,Standardized_IAE,200,200,0.212871751688,0.0568301193916,0.00401849627974,0.20499549898,0.220748004396,0.114167775366,0.320022496435
S6,GAM,Shape_correlation,200,200,0.946817478575,0.0539815113176,0.00381706927114,0.939336022804,0.954298934347,0.834948077014,0.99528132594
S6,GAM,Threshold_location_error,200,0,,,,,,,
S6,GPR,Standardized_IRMSE,200,200,0.19589147749,0.0927963444185,0.00656169244076,0.183030560306,0.208752394673,0.0705929678389,0.419606477247
S6,GPR,Standardized_IAE,200,200,0.160062809248,0.079672958087,0.00563372889405,0.149020700615,0.17110491788,0.0503712886096,0.340662096742
S6,GPR,Shape_correlation,200,200,0.956067138452,0.0509485662124,0.00360260766605,0.949006027426,0.963128249477,0.797463231259,0.994384483317
S6,GPR,Threshold_location_error,200,0,,,,,,,
S6,LMM,Standardized_IRMSE,200,200,0.24720889652,0.0288565920428,0.00204046919154,0.243209576904,0.251208216135,0.199478197596,0.317968558607
S6,LMM,Standardized_IAE,200,200,0.213016047149,0.0289756226759,0.00204888592832,0.209000230729,0.217031863568,0.170516012392,0.278845549047
S6,LMM,Shape_correlation,200,200,0.869783015726,0.0275230580135,0.00194617409603,0.865968514498,0.873597516954,0.836703150892,0.94490540693
S6,LMM,Threshold_location_error,200,0,,,,,,,
S6,MERF,Standardized_IRMSE,200,200,0.161650661104,0.0491840402897,0.0034778368415,0.154834100895,0.168467221314,0.097014851261,0.280155949646
S6,MERF,Standardized_IAE,200,200,0.134582363197,0.0341464247866,0.00241451685199,0.129849910167,0.139314816227,0.0811156220079,0.212631364408
S6,MERF,Shape_correlation,200,200,0.960495493993,0.0208835071144,0.00147668694956,0.957601187572,0.963389800414,0.910833548528,0.984580993207
S6,MERF,Threshold_location_error,200,0,,,,,,,
S6,Mean,Standardized_IRMSE,200,200,0.464842366399,0.0319651552591,0.00226027780454,0.460412221902,0.469272510896,0.426014622676,0.548421434964
S6,Mean,Standardized_IAE,200,200,0.41929934728,0.0208113108483,0.00147158190262,0.416415046751,0.422183647809,0.386215062481,0.466421254286
S6,Mean,Shape_correlation,200,0,,,,,,,
S6,Mean,Threshold_location_error,200,0,,,,,,,
S6,RF,Standardized_IRMSE,200,200,0.18124213398,0.0635113204925,0.00449092854023,0.172439914042,0.190044353919,0.095415778469,0.340656120191
S6,RF,Standardized_IAE,200,200,0.15170482465,0.0520692627751,0.00368185287996,0.144488393005,0.158921256294,0.0783421837816,0.28478638082
S6,RF,Shape_correlation,200,200,0.958704238041,0.0243167084657,0.00171945094522,0.955334114189,0.962074361894,0.875551296628,0.985874339113
S6,RF,Threshold_location_error,200,0,,,,,,,
S9,GAM,Standardized_IRMSE,300,300,0.433427423892,0.0496660721868,0.00286747201466,0.427807178744,0.439047669041,0.328613964053,0.531312559089
S9,GAM,Standardized_IAE,300,300,0.275837997522,0.0306231085292,0.00176802599528,0.272372666572,0.279303328473,0.204315422905,0.326850265151
S9,GAM,Shape_correlation,300,300,0.863165062789,0.0802410326085,0.00463271817766,0.85408493516,0.872245190417,0.658938624218,0.967909124357
S9,GAM,Threshold_location_error,300,300,0.881669572745,0.277141712327,0.0160007842216,0.850308035671,0.91303110982,0.193246036282,1.13442680009
S9,GPR,Standardized_IRMSE,300,300,0.400397045116,0.0999541807708,0.00577085731747,0.389086164773,0.411707925458,0.179900845389,0.564712302781
S9,GPR,Standardized_IAE,300,300,0.260994774907,0.0693337789252,0.00400298759264,0.253148919225,0.268840630588,0.123293438653,0.382164834534
S9,GPR,Shape_correlation,300,300,0.759498831078,0.255476886231,0.0147499649037,0.730588899866,0.788408762289,-0.0228440817407,0.969770102147
S9,GPR,Threshold_location_error,300,300,0.846574868936,0.288186900819,0.0166384784765,0.813963451123,0.87918628675,0.177454398003,1.35126814397
S9,LMM,Standardized_IRMSE,300,300,0.373088587079,0.0729177786226,0.00420990991165,0.364837163652,0.381340010506,0.259440287954,0.514108987767
S9,LMM,Standardized_IAE,300,300,0.257029894022,0.0480676185916,0.00277518525332,0.251590530926,0.262469257119,0.194661764939,0.357210243518
S9,LMM,Shape_correlation,300,300,0.791368406321,0.266260653385,0.0153725659907,0.761238176979,0.821498635663,-0.00864083752022,0.894161697408
S9,LMM,Threshold_location_error,300,300,1.21357556436,0.21402966413,0.01235700842,1.18935582786,1.23779530086,0.672795671568,1.53444241846
S9,MERF,Standardized_IRMSE,300,300,0.419014081405,0.0549506837091,0.00317257920316,0.412795826167,0.425232336643,0.315893716301,0.521203599526
S9,MERF,Standardized_IAE,300,300,0.262299146714,0.0386376390534,0.00223074513083,0.257926886258,0.26667140717,0.185098632941,0.328942982961
S9,MERF,Shape_correlation,300,300,0.849608006535,0.062240085824,0.00359343303049,0.842564877795,0.856651135275,0.704575972346,0.939310717135
S9,MERF,Threshold_location_error,300,300,0.475116083005,0.218982469525,0.0126429587728,0.45033588381,0.4998962822,0.146676468526,0.928965996236
S9,Mean,Standardized_IRMSE,300,300,0.543573869381,0.035328223224,0.00203967591884,0.53957610458,0.547571634182,0.483943929049,0.621281603754
S9,Mean,Standardized_IAE,300,300,0.376870529559,0.0160686417171,0.000927723462086,0.375052191573,0.378688867544,0.347229950388,0.410623697951
S9,Mean,Shape_correlation,300,0,,,,,,,
S9,Mean,Threshold_location_error,300,0,,,,,,,
S9,RF,Standardized_IRMSE,300,300,0.417787056465,0.0528680678853,0.00305233932251,0.411804471393,0.423769641537,0.318481605812,0.515851313147
S9,RF,Standardized_IAE,300,300,0.262074270442,0.0371530413385,0.0021450318418,0.257870008032,0.266278532852,0.182730389156,0.320599632138
S9,RF,Shape_correlation,300,300,0.855033088065,0.058142618441,0.00335686564083,0.848453631409,0.861612544721,0.719656924079,0.938200731224
S9,RF,Threshold_location_error,300,300,0.502201246846,0.221793865144,0.0128052747746,0.477102908288,0.527299585404,0.118888802201,0.923074181662
