Scenario,Dataset,N_repetitions,rows_observed_mean,rows_observed_sd,rows_observed_mcse,rows_latent_mean,rows_latent_sd,rows_latent_mcse,ids_observed_mean,ids_observed_sd,ids_observed_mcse,ids_latent_mean,ids_latent_sd,ids_latent_mcse,visits_min_observed_mean,visits_min_observed_sd,visits_min_observed_mcse,visits_max_observed_mean,visits_max_observed_sd,visits_max_observed_mcse,missing_biomarker_fraction_mean,missing_biomarker_fraction_sd,missing_biomarker_fraction_mcse,outlier_rows_mean,outlier_rows_sd,outlier_rows_mcse,realized_icc_mean,realized_icc_sd,realized_icc_mcse
F1,test,275,8000.0,0.0,0.0,8000.0,0.0,0.0,2000.0,0.0,0.0,2000.0,0.0,0.0,4.0,0.0,0.0,4.0,0.0,0.0,0.0,0.0,0.0,0.0,0.0,0.0,0.2500967509635173,0.006679143861486786,0.00040276752926103935
F1,train,275,200.0,0.0,0.0,200.0,0.0,0.0,50.0,0.0,0.0,50.0,0.0,0.0,4.0,0.0,0.0,4.0,0.0,0.0,0.0,0.0,0.0,0.0,0.0,0.0,0.24965057228602935,0.03963843334382606,0.0023902874668906104
F2,test,275,8000.0,0.0,0.0,8000.0,0.0,0.0,2000.0,0.0,0.0,2000.0,0.0,0.0,4.0,0.0,0.0,4.0,0.0,0.0,0.0,0.0,0.0,0.0,0.0,0.0,0.24998519691072085,0.006505360612065653,0.00039228800502142763
F2,train,275,200.0,0.0,0.0,200.0,0.0,0.0,50.0,0.0,0.0,50.0,0.0,0.0,4.0,0.0,0.0,4.0,0.0,0.0,0.0,0.0,0.0,0.0,0.0,0.0,0.24644219149287716,0.04223321363696735,0.0025467586059043936
F3,test,300,7200.0,0.0,0.0,8000.0,0.0,0.0,2000.0,0.0,0.0,2000.0,0.0,0.0,2.0,0.0,0.0,4.0,0.0,0.0,0.19497797619047616,0.0018093882164665614,0.0001044650773845506,0.0,0.0,0.0,0.2508033047630906,0.006844192697977043,0.00039514964965627167
F3,train,300,180.0,0.0,0.0,200.0,0.0,0.0,50.0,0.0,0.0,50.0,0.0,0.0,2.0,0.0,0.0,4.0,0.0,0.0,0.19367724867724867,0.012260970048440865,0.0007078874357993272,0.0,0.0,0.0,0.24670175217675422,0.0405991973488584,0.0023439957518246136
S0,test,200,8000.0,0.0,0.0,8000.0,0.0,0.0,2000.0,0.0,0.0,2000.0,0.0,0.0,4.0,0.0,0.0,4.0,0.0,0.0,0.0,0.0,0.0,0.0,0.0,0.0,0.2498420323118507,0.00681144908019197,0.00048164218343106136
S0,train,200,200.0,0.0,0.0,200.0,0.0,0.0,50.0,0.0,0.0,50.0,0.0,0.0,4.0,0.0,0.0,4.0,0.0,0.0,0.0,0.0,0.0,0.0,0.0,0.0,0.2481493285204726,0.04396753323611404,0.0031089740903301145
S1,test,200,8000.0,0.0,0.0,8000.0,0.0,0.0,2000.0,0.0,0.0,2000.0,0.0,0.0,4.0,0.0,0.0,4.0,0.0,0.0,0.0,0.0,0.0,0.0,0.0,0.0,0.2498835125720558,0.007049018593745609,0.0004984408848347581
S1,train,200,200.0,0.0,0.0,200.0,0.0,0.0,50.0,0.0,0.0,50.0,0.0,0.0,4.0,0.0,0.0,4.0,0.0,0.0,0.0,0.0,0.0,0.0,0.0,0.0,0.2541847153872604,0.042841360320847496,0.003029341639812755
S2,test,200,8000.0,0.0,0.0,8000.0,0.0,0.0,2000.0,0.0,0.0,2000.0,0.0,0.0,4.0,0.0,0.0,4.0,0.0,0.0,0.0,0.0,0.0,0.0,0.0,0.0,0.2510052050704987,0.006705884603447908,0.00047417764769524775
S2,train,200,200.0,0.0,0.0,200.0,0.0,0.0,50.0,0.0,0.0,50.0,0.0,0.0,4.0,0.0,0.0,4.0,0.0,0.0,0.0,0.0,0.0,0.0,0.0,0.0,0.2463065313435374,0.04181125718500173,0.002956502348544948
S2_N100_V2,test,200,4000.0,0.0,0.0,4000.0,0.0,0.0,2000.0,0.0,0.0,2000.0,0.0,0.0,2.0,0.0,0.0,2.0,0.0,0.0,0.0,0.0,0.0,0.0,0.0,0.0,0.24973166455089385,0.007689286819429529,0.000543714685250696
S2_N100_V2,train,200,200.0,0.0,0.0,200.0,0.0,0.0,100.0,0.0,0.0,100.0,0.0,0.0,2.0,0.0,0.0,2.0,0.0,0.0,0.0,0.0,0.0,0.0,0.0,0.0,0.24642367867846743,0.030625055173321532,0.0021655184187267815
S2_N100_V4,test,200,8000.0,0.0,0.0,8000.0,0.0,0.0,2000.0,0.0,0.0,2000.0,0.0,0.0,4.0,0.0,0.0,4.0,0.0,0.0,0.0,0.0,0.0,0.0,0.0,0.0,0.24967890088519737,0.007154174147191827,0.0005058765053268827
S2_N100_V4,train,200,400.0,0.0,0.0,400.0,0.0,0.0,100.0,0.0,0.0,100.0,0.0,0.0,4.0,0.0,0.0,4.0,0.0,0.0,0.0,0.0,0.0,0.0,0.0,0.0,0.2496183344529625,0.02951524932874615,0.0020870432948768094
S2_N25_V2,test,200,4000.0,0.0,0.0,4000.0,0.0,0.0,2000.0,0.0,0.0,2000.0,0.0,0.0,2.0,0.0,0.0,2.0,0.0,0.0,0.0,0.0,0.0,0.0,0.0,0.0,0.25019000360273286,0.00743726309089796,0.0005258939165042369
S2_N25_V2,train,200,50.0,0.0,0.0,50.0,0.0,0.0,25.0,0.0,0.0,25.0,0.0,0.0,2.0,0.0,0.0,2.0,0.0,0.0,0.0,0.0,0.0,0.0,0.0,0.0,0.2537749327055714,0.06737466050104597,0.004764107932043104
S2_N25_V4,test,200,8000.0,0.0,0.0,8000.0,0.0,0.0,2000.0,0.0,0.0,2000.0,0.0,0.0,4.0,0.0,0.0,4.0,0.0,0.0,0.0,0.0,0.0,0.0,0.0,0.0,0.250650640302498,0.006692127497565493,0.0004732048734093521
S2_N25_V4,train,200,100.0,0.0,0.0,100.0,0.0,0.0,25.0,0.0,0.0,25.0,0.0,0.0,4.0,0.0,0.0,4.0,0.0,0.0,0.0,0.0,0.0,0.0,0.0,0.0,0.24347466717822328,0.05739495180088611,0.0040584359624281615
S2_N50_V2,test,200,4000.0,0.0,0.0,4000.0,0.0,0.0,2000.0,0.0,0.0,2000.0,0.0,0.0,2.0,0.0,0.0,2.0,0.0,0.0,0.0,0.0,0.0,0.0,0.0,0.0,0.24949758331675492,0.007351061301391377,0.000519798529513185
S2_N50_V2,train,200,100.0,0.0,0.0,100.0,0.0,0.0,50.0,0.0,0.0,50.0,0.0,0.0,2.0,0.0,0.0,2.0,0.0,0.0,0.0,0.0,0.0,0.0,0.0,0.0,0.25358438842050385,0.0475596686898475,0.003362976424157669
S3,test,200,8000.0,0.0,0.0,8000.0,0.0,0.0,2000.0,0.0,0.0,2000.0,0.0,0.0,4.0,0.0,0.0,4.0,0.0,0.0,0.0,0.0,0.0,0.0,0.0,0.0,0.25026977317489857,0.006976176820797374,0.0004932901936742233
S3,train,200,200.0,0.0,0.0,200.0,0.0,0.0,50.0,0.0,0.0,50.0,0.0,0.0,4.0,0.0,0.0,4.0,0.0,0.0,0.0,0.0,0.0,0.0,0.0,0.0,0.24309362876631263,0.03886275416245198,0.0027480117003855524
S4,test,200,8000.0,0.0,0.0,8000.0,0.0,0.0,2000.0,0.0,0.0,2000.0,0.0,0.0,4.0,0.0,0.0,4.0,0.0,0.0,0.0,0.0,0.0,0.0,0.0,0.0,0.24973606528185524,0.006370081413131112,0.0004504327763935395
S4,train,200,200.0,0.0,0.0,200.0,0.0,0.0,50.0,0.0,0.0,50.0,0.0,0.0,4.0,0.0,0.0,4.0,0.0,0.0,0.0,0.0,0.0,0.0,0.0,0.0,0.2474586095018026,0.04203059220028666,0.002972011676210911
S6,test,200,8000.0,0.0,0.0,8000.0,0.0,0.0,2000.0,0.0,0.0,2000.0,0.0,0.0,4.0,0.0,0.0,4.0,0.0,0.0,0.0,0.0,0.0,0.0,0.0,0.0,0.549713033606841,0.008178291756001854,0.0005782925559190948
S6,train,200,200.0,0.0,0.0,200.0,0.0,0.0,50.0,0.0,0.0,50.0,0.0,0.0,4.0,0.0,0.0,4.0,0.0,0.0,0.0,0.0,0.0,0.0,0.0,0.0,0.5374723255170002,0.05936459121445292,0.0041977105010107
S9,test,300,7200.0,0.0,0.0,8000.0,0.0,0.0,2000.0,0.0,0.0,2000.0,0.0,0.0,2.0,0.0,0.0,4.0,0.0,0.0,0.19485208333333331,0.0019488523541633335,0.00011251704312870363,359.9266666666667,5.7896189726426295,0.33426380723605864,0.2501882753033118,0.006318503713604986,0.00036479898199254885
S9,train,300,180.0,0.0,0.0,200.0,0.0,0.0,50.0,0.0,0.0,50.0,0.0,0.0,2.0,0.0,0.0,4.0,0.0,0.0,0.19380026455026456,0.013011710293593408,0.0007512314440623577,8.99,0.8789055218781823,0.0507436339648617,0.24898674684420352,0.04345695156682474,0.002508988268526679
