Scenario,Model,N_repetitions,Average_precision_mean,Average_precision_sd,Average_precision_mcse,Mean_true_rank_mean,Mean_true_rank_sd,Mean_true_rank_mcse,Top_k_recall_mean,Top_k_recall_sd,Top_k_recall_mcse,Exact_top_k_mean,Exact_top_k_sd,Exact_top_k_mcse,Family_recovery_mean,Family_recovery_sd,Family_recovery_mcse,Max_null_importance_mean,Max_null_importance_sd,Max_null_importance_mcse
F1,GAM,275,0.9858600288600288,0.06558279234847822,0.003954791180430787,1.6018181818181818,0.5846238135056167,0.03525414241645164,0.9745454545454545,0.11010642134423514,0.006639667029229221,0.9490909090909091,0.22021284268847027,0.013279334058458441,0.9745454545454545,0.11010642134423514,0.006639667029229221,,,
F1,GPR,275,0.7962203150384968,0.1824209110328116,0.011000394832920724,3.2181818181818183,1.934048636256452,0.11662752095929457,0.7036363636363636,0.24611109321951885,0.014841057326424089,0.4072727272727273,0.4922221864390377,0.029682114652848177,0.7036363636363636,0.24611109321951885,0.014841057326424089,,,
F1,LMM,275,0.9232160869433597,0.1469178682368931,0.008859480798920868,2.212727272727273,1.6547933632279925,0.09978779438904631,0.8818181818181818,0.2128113083294366,0.01283300474315229,0.7636363636363637,0.4256226166588732,0.02566600948630458,0.8818181818181818,0.2128113083294366,0.01283300474315229,,,
F1,MERF,275,0.9786090777908959,0.08471064002410456,0.005108243794742136,1.6945454545454546,0.9178716617942208,0.055349743779480355,0.9672727272727273,0.12388855578092653,0.007470761006260885,0.9345454545454546,0.24777711156185306,0.01494152201252177,0.9672727272727273,0.12388855578092653,0.007470761006260885,,,
F1,Mean,275,,,,,,,,,,,,,,,,,,
F1,RF,275,0.9776367571822117,0.08341524254746459,0.005030128387753264,1.6890909090909092,0.8912946229188534,0.05374708803423885,0.9618181818181818,0.13303162059064802,0.008022108559129036,0.9236363636363636,0.26606324118129604,0.016044217118258073,0.9618181818181818,0.13303162059064802,0.008022108559129036,,,
F2,GAM,275,0.876969696969697,0.22039858526259953,0.013290534757112652,1.2581818181818183,0.4782460767086261,0.028839323525491626,0.76,0.4278617690687694,0.02580103545706905,0.76,0.4278617690687694,0.02580103545706905,1.0,0.0,0.0,,,
F2,GPR,275,0.7006440630076993,0.41157070143339997,0.024818647115599543,4.032727272727273,4.764798482478881,0.287328159418859,0.6436363636363637,0.4797975684620099,0.028932881998424437,0.6436363636363637,0.4797975684620099,0.028932881998424437,0.9345454545454546,0.24777711156185306,0.01494152201252177,,,
F2,LMM,275,0.7844477038113402,0.3175048359935337,0.019146262002070532,2.0654545454545454,2.536465310375161,0.15295461324121384,0.6654545454545454,0.4726915406841685,0.028504372400443657,0.6654545454545454,0.4726915406841685,0.028504372400443657,1.0,0.0,0.0,,,
F2,MERF,275,0.9048484848484848,0.2007102334283082,0.0121032824702972,1.2,0.43563863682851894,0.026269998228038157,0.8145454545454546,0.38937446644088614,0.023480163784168173,0.8145454545454546,0.38937446644088614,0.023480163784168173,1.0,0.0,0.0,,,
F2,Mean,275,,,,,,,,,,,,,,,,,,
F2,RF,275,0.9127272727272727,0.1964290813139537,0.011845119284229008,1.1890909090909092,0.44462430925097624,0.026811854662844244,0.8327272727272728,0.37389962422822687,0.022546995687634647,0.8327272727272728,0.37389962422822687,0.022546995687634647,1.0,0.0,0.0,,,
F3,GAM,300,0.9344429181929181,0.12955829511999323,0.007480051656327706,1.7783333333333333,0.8106918608198518,0.046805316407418,0.8733333333333333,0.22536975687360192,0.013011728979817457,0.7533333333333333,0.43179127043782384,0.024929480622100805,0.9116666666666666,0.19101179870986193,0.011028071340353338,,,
F3,GPR,300,0.7258451687201688,0.26260302018256965,0.01516139243924153,3.618333333333333,2.50020010347444,0.14434912027688981,0.63,0.32162838191538956,0.01856922328778739,0.37,0.4836109993188817,0.027921294063982024,0.7366666666666667,0.2724634716191845,0.01573068586836761,,,
F3,LMM,300,0.7959887149887149,0.2360012502350048,0.013625538535226822,2.8733333333333335,2.1778657487597712,0.12573913763053196,0.715,0.27964681499549343,0.01614541639156696,0.4633333333333333,0.49948691623222674,0.028837890554337213,0.86,0.22487454696543513,0.01298313802243891,,,
F3,MERF,300,0.9027326007326008,0.12992796277808147,0.007501394428518501,1.86,0.6894329015593239,0.039804427130346036,0.7833333333333333,0.2548306977267493,0.014712657193031886,0.5733333333333334,0.49541937461579416,0.028603050929618477,0.8066666666666666,0.2438999374480844,0.01408156945409844,,,
F3,Mean,300,,,,,,,,,,,,,,,,,,
F3,RF,300,0.8981059403559403,0.14695862392065814,0.008484660108032895,1.8783333333333334,0.7502712255768916,0.04331692940520488,0.8,0.2487426575780613,0.014361164031163658,0.6033333333333334,0.4900230923050425,0.028291496425144908,0.8166666666666667,0.2413497903317912,0.013934336641691936,,,
S0,GAM,200,,,,,,,,,,,,,,,,0.0013966592736907573,0.0008444931030984671,5.971467998661963e-05
S0,GPR,200,,,,,,,,,,,,,,,,0.005723685239106121,0.00491633181210328,0.00034763715629013766
S0,LMM,200,,,,,,,,,,,,,,,,0.002977357968787899,0.001670135605795198,0.0001180964212358887
S0,MERF,200,,,,,,,,,,,,,,,,0.0014177223015023515,0.0007908162331385681,5.591915211246832e-05
S0,Mean,200,,,,,,,,,,,,,,,,0.0,0.0,0.0
S0,RF,200,,,,,,,,,,,,,,,,0.0012405219577653734,0.0008540395605543804,6.038971646695814e-05
S1,GAM,200,1.0,0.0,0.0,1.0,0.0,0.0,1.0,0.0,0.0,1.0,0.0,0.0,1.0,0.0,0.0,,,
S1,GPR,200,1.0,0.0,0.0,1.0,0.0,0.0,1.0,0.0,0.0,1.0,0.0,0.0,1.0,0.0,0.0,,,
S1,LMM,200,1.0,0.0,0.0,1.0,0.0,0.0,1.0,0.0,0.0,1.0,0.0,0.0,1.0,0.0,0.0,,,
S1,MERF,200,1.0,0.0,0.0,1.0,0.0,0.0,1.0,0.0,0.0,1.0,0.0,0.0,1.0,0.0,0.0,,,
S1,Mean,200,,,,,,,,,,,,,,,,,,
S1,RF,200,1.0,0.0,0.0,1.0,0.0,0.0,1.0,0.0,0.0,1.0,0.0,0.0,1.0,0.0,0.0,,,
S2,GAM,200,1.0,0.0,0.0,1.0,0.0,0.0,1.0,0.0,0.0,1.0,0.0,0.0,1.0,0.0,0.0,,,
S2,GPR,200,1.0,0.0,0.0,1.0,0.0,0.0,1.0,0.0,0.0,1.0,0.0,0.0,1.0,0.0,0.0,,,
S2,LMM,200,1.0,0.0,0.0,1.0,0.0,0.0,1.0,0.0,0.0,1.0,0.0,0.0,1.0,0.0,0.0,,,
S2,MERF,200,1.0,0.0,0.0,1.0,0.0,0.0,1.0,0.0,0.0,1.0,0.0,0.0,1.0,0.0,0.0,,,
S2,Mean,200,,,,,,,,,,,,,,,,,,
S2,RF,200,1.0,0.0,0.0,1.0,0.0,0.0,1.0,0.0,0.0,1.0,0.0,0.0,1.0,0.0,0.0,,,
S2_N100_V2,GAM,200,1.0,0.0,0.0,1.0,0.0,0.0,1.0,0.0,0.0,1.0,0.0,0.0,1.0,0.0,0.0,,,
S2_N100_V2,GPR,200,1.0,0.0,0.0,1.0,0.0,0.0,1.0,0.0,0.0,1.0,0.0,0.0,1.0,0.0,0.0,,,
S2_N100_V2,LMM,200,1.0,0.0,0.0,1.0,0.0,0.0,1.0,0.0,0.0,1.0,0.0,0.0,1.0,0.0,0.0,,,
S2_N100_V2,MERF,200,1.0,0.0,0.0,1.0,0.0,0.0,1.0,0.0,0.0,1.0,0.0,0.0,1.0,0.0,0.0,,,
S2_N100_V2,Mean,200,,,,,,,,,,,,,,,,,,
S2_N100_V2,RF,200,1.0,0.0,0.0,1.0,0.0,0.0,1.0,0.0,0.0,1.0,0.0,0.0,1.0,0.0,0.0,,,
S2_N100_V4,GAM,200,1.0,0.0,0.0,1.0,0.0,0.0,1.0,0.0,0.0,1.0,0.0,0.0,1.0,0.0,0.0,,,
S2_N100_V4,GPR,200,1.0,0.0,0.0,1.0,0.0,0.0,1.0,0.0,0.0,1.0,0.0,0.0,1.0,0.0,0.0,,,
S2_N100_V4,LMM,200,1.0,0.0,0.0,1.0,0.0,0.0,1.0,0.0,0.0,1.0,0.0,0.0,1.0,0.0,0.0,,,
S2_N100_V4,MERF,200,1.0,0.0,0.0,1.0,0.0,0.0,1.0,0.0,0.0,1.0,0.0,0.0,1.0,0.0,0.0,,,
S2_N100_V4,Mean,200,,,,,,,,,,,,,,,,,,
S2_N100_V4,RF,200,1.0,0.0,0.0,1.0,0.0,0.0,1.0,0.0,0.0,1.0,0.0,0.0,1.0,0.0,0.0,,,
S2_N25_V2,GAM,200,1.0,0.0,0.0,1.0,0.0,0.0,1.0,0.0,0.0,1.0,0.0,0.0,1.0,0.0,0.0,,,
S2_N25_V2,GPR,200,0.8990654761904762,0.24910260881716184,0.0176142143905875,1.43,1.3764348383856055,0.09732864080838713,0.855,0.3529844046834771,0.024959766620478316,0.855,0.3529844046834771,0.024959766620478316,0.855,0.3529844046834771,0.024959766620478316,,,
S2_N25_V2,LMM,200,0.9341174242424242,0.2289461470573576,0.01618893731107901,1.715,2.780726017774791,0.19662702237904187,0.92,0.27197398634103065,0.01923146500480802,0.92,0.27197398634103065,0.01923146500480802,0.92,0.27197398634103065,0.01923146500480802,,,
S2_N25_V2,MERF,200,1.0,0.0,0.0,1.0,0.0,0.0,1.0,0.0,0.0,1.0,0.0,0.0,1.0,0.0,0.0,,,
S2_N25_V2,Mean,200,,,,,,,,,,,,,,,,,,
S2_N25_V2,RF,200,1.0,0.0,0.0,1.0,0.0,0.0,1.0,0.0,0.0,1.0,0.0,0.0,1.0,0.0,0.0,,,
S2_N25_V4,GAM,200,1.0,0.0,0.0,1.0,0.0,0.0,1.0,0.0,0.0,1.0,0.0,0.0,1.0,0.0,0.0,,,
S2_N25_V4,GPR,200,1.0,0.0,0.0,1.0,0.0,0.0,1.0,0.0,0.0,1.0,0.0,0.0,1.0,0.0,0.0,,,
S2_N25_V4,LMM,200,1.0,0.0,0.0,1.0,0.0,0.0,1.0,0.0,0.0,1.0,0.0,0.0,1.0,0.0,0.0,,,
S2_N25_V4,MERF,200,1.0,0.0,0.0,1.0,0.0,0.0,1.0,0.0,0.0,1.0,0.0,0.0,1.0,0.0,0.0,,,
S2_N25_V4,Mean,200,,,,,,,,,,,,,,,,,,
S2_N25_V4,RF,200,1.0,0.0,0.0,1.0,0.0,0.0,1.0,0.0,0.0,1.0,0.0,0.0,1.0,0.0,0.0,,,
S2_N50_V2,GAM,200,1.0,0.0,0.0,1.0,0.0,0.0,1.0,0.0,0.0,1.0,0.0,0.0,1.0,0.0,0.0,,,
S2_N50_V2,GPR,200,0.9878055555555556,0.09931632023978657,0.0070227243524047835,1.075,0.664517053635845,0.04698845148400107,0.985,0.12185748327926268,0.008616625276509297,0.985,0.12185748327926268,0.008616625276509297,0.985,0.12185748327926268,0.008616625276509297,,,
S2_N50_V2,LMM,200,1.0,0.0,0.0,1.0,0.0,0.0,1.0,0.0,0.0,1.0,0.0,0.0,1.0,0.0,0.0,,,
S2_N50_V2,MERF,200,1.0,0.0,0.0,1.0,0.0,0.0,1.0,0.0,0.0,1.0,0.0,0.0,1.0,0.0,0.0,,,
S2_N50_V2,Mean,200,,,,,,,,,,,,,,,,,,
S2_N50_V2,RF,200,1.0,0.0,0.0,1.0,0.0,0.0,1.0,0.0,0.0,1.0,0.0,0.0,1.0,0.0,0.0,,,
S3,GAM,200,1.0,0.0,0.0,1.0,0.0,0.0,1.0,0.0,0.0,1.0,0.0,0.0,1.0,0.0,0.0,,,
S3,GPR,200,1.0,0.0,0.0,1.0,0.0,0.0,1.0,0.0,0.0,1.0,0.0,0.0,1.0,0.0,0.0,,,
S3,LMM,200,1.0,0.0,0.0,1.0,0.0,0.0,1.0,0.0,0.0,1.0,0.0,0.0,1.0,0.0,0.0,,,
S3,MERF,200,1.0,0.0,0.0,1.0,0.0,0.0,1.0,0.0,0.0,1.0,0.0,0.0,1.0,0.0,0.0,,,
S3,Mean,200,,,,,,,,,,,,,,,,,,
S3,RF,200,1.0,0.0,0.0,1.0,0.0,0.0,1.0,0.0,0.0,1.0,0.0,0.0,1.0,0.0,0.0,,,
S4,GAM,200,1.0,0.0,0.0,1.5,0.0,0.0,1.0,0.0,0.0,1.0,0.0,0.0,1.0,0.0,0.0,,,
S4,GPR,200,0.99875,0.01767766952966369,0.0012500000000000002,1.505,0.07071067811865477,0.005000000000000001,0.9975,0.03535533905932738,0.0025000000000000005,0.995,0.07071067811865477,0.005000000000000001,0.9975,0.03535533905932738,0.0025000000000000005,,,
S4,LMM,200,1.0,0.0,0.0,1.5,0.0,0.0,1.0,0.0,0.0,1.0,0.0,0.0,1.0,0.0,0.0,,,
S4,MERF,200,1.0,0.0,0.0,1.5,0.0,0.0,1.0,0.0,0.0,1.0,0.0,0.0,1.0,0.0,0.0,,,
S4,Mean,200,,,,,,,,,,,,,,,,,,
S4,RF,200,1.0,0.0,0.0,1.5,0.0,0.0,1.0,0.0,0.0,1.0,0.0,0.0,1.0,0.0,0.0,,,
S6,GAM,200,1.0,0.0,0.0,1.0,0.0,0.0,1.0,0.0,0.0,1.0,0.0,0.0,1.0,0.0,0.0,,,
S6,GPR,200,1.0,0.0,0.0,1.0,0.0,0.0,1.0,0.0,0.0,1.0,0.0,0.0,1.0,0.0,0.0,,,
S6,LMM,200,1.0,0.0,0.0,1.0,0.0,0.0,1.0,0.0,0.0,1.0,0.0,0.0,1.0,0.0,0.0,,,
S6,MERF,200,1.0,0.0,0.0,1.0,0.0,0.0,1.0,0.0,0.0,1.0,0.0,0.0,1.0,0.0,0.0,,,
S6,Mean,200,,,,,,,,,,,,,,,,,,
S6,RF,200,1.0,0.0,0.0,1.0,0.0,0.0,1.0,0.0,0.0,1.0,0.0,0.0,1.0,0.0,0.0,,,
S9,GAM,300,0.8805555555555554,0.1531341912026766,0.008841206651300094,1.8466666666666667,0.43449377251009674,0.025085509651992036,0.7633333333333333,0.25666152682745463,0.014818360160445127,0.5333333333333333,0.49972121547874476,0.028851417827642025,0.875,0.2168680994873401,0.012520885561765832,,,
S9,GPR,300,0.7441708291708291,0.27969354711879846,0.016148114471963956,3.341666666666667,2.4414406944337217,0.14095664421418158,0.6833333333333333,0.31098434004743397,0.01795468924401441,0.44333333333333336,0.4976085507587092,0.028729443073160027,0.8516666666666667,0.23240178755426333,0.013417723460460414,,,
S9,LMM,300,0.8065019887519885,0.22825678509680683,0.013178411631999997,2.475,1.6701816335246928,0.09642798157110502,0.7333333333333333,0.2722792847768952,0.01572005183606992,0.49,0.500735245367427,0.028909962870561724,0.9383333333333334,0.16468442170221667,0.009508059520111264,,,
S9,MERF,300,0.8205555555555555,0.1763456694096406,0.010181321970408075,2.0116666666666667,0.4897244009151759,0.028274251469710496,0.6916666666666667,0.25027855161843765,0.014449838914929462,0.39,0.4885648904433402,0.02820730710140625,0.7716666666666666,0.24947548097474598,0.014403473609698094,,,
S9,Mean,300,,,,,,,,,,,,,,,,,,
S9,RF,300,0.8422222222222221,0.17110768455163644,0.009878906773630085,1.9583333333333333,0.4880826135821265,0.028179462833841682,0.7133333333333334,0.2576369763721871,0.014874677766168345,0.43666666666666665,0.49680136292375304,0.028682840061780176,0.8,0.24535824603285922,0.014165764939496568,,,
