Scenario,Completed_repetitions,Kind,Metric,Group,MCSE,Threshold,Criterion_met
S0,200,continuous,Standardized_Latent_RMSE,"[""GAM""]",0.003832601792134766,0.02,True
S0,200,continuous,Standardized_Latent_RMSE,"[""GPR""]",0.003997816460798166,0.02,True
S0,200,continuous,Standardized_Latent_RMSE,"[""LMM""]",0.00391751832076003,0.02,True
S0,200,continuous,Standardized_Latent_RMSE,"[""MERF""]",0.0026252908456370384,0.02,True
S0,200,continuous,Standardized_Latent_RMSE,"[""Mean""]",0.0012051050552968593,0.02,True
S0,200,continuous,Standardized_Latent_RMSE,"[""RF""]",0.002589261221893813,0.02,True
S0,200,continuous,Max_null_importance,"[""GAM""]",5.971467998661963e-05,0.02,True
S0,200,continuous,Max_null_importance,"[""GPR""]",0.00034763715629013766,0.02,True
S0,200,continuous,Max_null_importance,"[""LMM""]",0.0001180964212358887,0.02,True
S0,200,continuous,Max_null_importance,"[""MERF""]",5.591915211246832e-05,0.02,True
S0,200,continuous,Max_null_importance,"[""Mean""]",0.0,0.02,True
S0,200,continuous,Max_null_importance,"[""RF""]",6.038971646695814e-05,0.02,True
S1,200,continuous,Standardized_Latent_RMSE,"[""GAM""]",0.0029037169661884055,0.02,True
S1,200,continuous,Standardized_Latent_RMSE,"[""GPR""]",0.005965182323212818,0.02,True
S1,200,continuous,Standardized_Latent_RMSE,"[""LMM""]",0.0036191321537278154,0.02,True
S1,200,continuous,Standardized_Latent_RMSE,"[""MERF""]",0.002219858712663414,0.02,True
S1,200,continuous,Standardized_Latent_RMSE,"[""Mean""]",0.000690586657107847,0.02,True
S1,200,continuous,Standardized_Latent_RMSE,"[""RF""]",0.0024851873067887383,0.02,True
S1,200,continuous,Standardized_IRMSE,"[""GAM"",""biomarker_01""]",0.00693357529811817,0.02,True
S1,200,continuous,Standardized_IRMSE,"[""GPR"",""biomarker_01""]",0.006371680522084406,0.02,True
S1,200,continuous,Standardized_IRMSE,"[""LMM"",""biomarker_01""]",0.002718345234825198,0.02,True
S1,200,continuous,Standardized_IRMSE,"[""MERF"",""biomarker_01""]",0.0035111121052674725,0.02,True
S1,200,continuous,Standardized_IRMSE,"[""Mean"",""biomarker_01""]",0.0017593873873907836,0.02,True
S1,200,continuous,Standardized_IRMSE,"[""RF"",""biomarker_01""]",0.0038227243044486876,0.02,True
S1,200,rate,Average_precision,"[""GAM""]",0.0,0.03,True
S1,200,rate,Average_precision,"[""GPR""]",0.0,0.03,True
S1,200,rate,Average_precision,"[""LMM""]",0.0,0.03,True
S1,200,rate,Average_precision,"[""MERF""]",0.0,0.03,True
S1,200,rate,Average_precision,"[""RF""]",0.0,0.03,True
S1,200,rate,Top_k_recall,"[""GAM""]",0.0,0.03,True
S1,200,rate,Top_k_recall,"[""GPR""]",0.0,0.03,True
S1,200,rate,Top_k_recall,"[""LMM""]",0.0,0.03,True
S1,200,rate,Top_k_recall,"[""MERF""]",0.0,0.03,True
S1,200,rate,Top_k_recall,"[""RF""]",0.0,0.03,True
S1,200,rate,Exact_top_k,"[""GAM""]",0.0,0.03,True
S1,200,rate,Exact_top_k,"[""GPR""]",0.0,0.03,True
S1,200,rate,Exact_top_k,"[""LMM""]",0.0,0.03,True
S1,200,rate,Exact_top_k,"[""MERF""]",0.0,0.03,True
S1,200,rate,Exact_top_k,"[""RF""]",0.0,0.03,True
S1,200,rate,Family_recovery,"[""GAM""]",0.0,0.03,True
S1,200,rate,Family_recovery,"[""GPR""]",0.0,0.03,True
S1,200,rate,Family_recovery,"[""LMM""]",0.0,0.03,True
S1,200,rate,Family_recovery,"[""MERF""]",0.0,0.03,True
S1,200,rate,Family_recovery,"[""RF""]",0.0,0.03,True
S2,200,continuous,Standardized_Latent_RMSE,"[""GAM""]",0.0032216365890644135,0.02,True
S2,200,continuous,Standardized_Latent_RMSE,"[""GPR""]",0.005582869814559715,0.02,True
S2,200,continuous,Standardized_Latent_RMSE,"[""LMM""]",0.002495057662353126,0.02,True
S2,200,continuous,Standardized_Latent_RMSE,"[""MERF""]",0.0018945875260944311,0.02,True
S2,200,continuous,Standardized_Latent_RMSE,"[""Mean""]",0.0007315211250405953,0.02,True
S2,200,continuous,Standardized_Latent_RMSE,"[""RF""]",0.0019202302605405277,0.02,True
S2,200,continuous,Standardized_IRMSE,"[""GAM"",""biomarker_01""]",0.005901389782614145,0.02,True
S2,200,continuous,Standardized_IRMSE,"[""GPR"",""biomarker_01""]",0.006565115753165608,0.02,True
S2,200,continuous,Standardized_IRMSE,"[""LMM"",""biomarker_01""]",0.002135022580646507,0.02,True
S2,200,continuous,Standardized_IRMSE,"[""MERF"",""biomarker_01""]",0.004291923635937658,0.02,True
S2,200,continuous,Standardized_IRMSE,"[""Mean"",""biomarker_01""]",0.0029238232681481,0.02,True
S2,200,continuous,Standardized_IRMSE,"[""RF"",""biomarker_01""]",0.004221752090070037,0.02,True
S2,200,rate,Average_precision,"[""GAM""]",0.0,0.03,True
S2,200,rate,Average_precision,"[""GPR""]",0.0,0.03,True
S2,200,rate,Average_precision,"[""LMM""]",0.0,0.03,True
S2,200,rate,Average_precision,"[""MERF""]",0.0,0.03,True
S2,200,rate,Average_precision,"[""RF""]",0.0,0.03,True
S2,200,rate,Top_k_recall,"[""GAM""]",0.0,0.03,True
S2,200,rate,Top_k_recall,"[""GPR""]",0.0,0.03,True
S2,200,rate,Top_k_recall,"[""LMM""]",0.0,0.03,True
S2,200,rate,Top_k_recall,"[""MERF""]",0.0,0.03,True
S2,200,rate,Top_k_recall,"[""RF""]",0.0,0.03,True
S2,200,rate,Exact_top_k,"[""GAM""]",0.0,0.03,True
S2,200,rate,Exact_top_k,"[""GPR""]",0.0,0.03,True
S2,200,rate,Exact_top_k,"[""LMM""]",0.0,0.03,True
S2,200,rate,Exact_top_k,"[""MERF""]",0.0,0.03,True
S2,200,rate,Exact_top_k,"[""RF""]",0.0,0.03,True
S2,200,rate,Family_recovery,"[""GAM""]",0.0,0.03,True
S2,200,rate,Family_recovery,"[""GPR""]",0.0,0.03,True
S2,200,rate,Family_recovery,"[""LMM""]",0.0,0.03,True
S2,200,rate,Family_recovery,"[""MERF""]",0.0,0.03,True
S2,200,rate,Family_recovery,"[""RF""]",0.0,0.03,True
S3,200,continuous,Standardized_Latent_RMSE,"[""GAM""]",0.003222188785387663,0.02,True
S3,200,continuous,Standardized_Latent_RMSE,"[""GPR""]",0.007168425338344722,0.02,True
S3,200,continuous,Standardized_Latent_RMSE,"[""LMM""]",0.0029746093428216144,0.02,True
S3,200,continuous,Standardized_Latent_RMSE,"[""MERF""]",0.0020236564708877524,0.02,True
S3,200,continuous,Standardized_Latent_RMSE,"[""Mean""]",0.0007607078727147855,0.02,True
S3,200,continuous,Standardized_Latent_RMSE,"[""RF""]",0.002259254238869752,0.02,True
S3,200,continuous,Standardized_IRMSE,"[""GAM"",""biomarker_01""]",0.011216077045690666,0.02,True
S3,200,continuous,Standardized_IRMSE,"[""GPR"",""biomarker_01""]",0.011057338381520333,0.02,True
S3,200,continuous,Standardized_IRMSE,"[""LMM"",""biomarker_01""]",0.0036956469964424294,0.02,True
S3,200,continuous,Standardized_IRMSE,"[""MERF"",""biomarker_01""]",0.006180147864395361,0.02,True
S3,200,continuous,Standardized_IRMSE,"[""Mean"",""biomarker_01""]",0.004626262593694293,0.02,True
S3,200,continuous,Standardized_IRMSE,"[""RF"",""biomarker_01""]",0.006352906454041868,0.02,True
S3,200,rate,Average_precision,"[""GAM""]",0.0,0.03,True
S3,200,rate,Average_precision,"[""GPR""]",0.0,0.03,True
S3,200,rate,Average_precision,"[""LMM""]",0.0,0.03,True
S3,200,rate,Average_precision,"[""MERF""]",0.0,0.03,True
S3,200,rate,Average_precision,"[""RF""]",0.0,0.03,True
S3,200,rate,Top_k_recall,"[""GAM""]",0.0,0.03,True
S3,200,rate,Top_k_recall,"[""GPR""]",0.0,0.03,True
S3,200,rate,Top_k_recall,"[""LMM""]",0.0,0.03,True
S3,200,rate,Top_k_recall,"[""MERF""]",0.0,0.03,True
S3,200,rate,Top_k_recall,"[""RF""]",0.0,0.03,True
S3,200,rate,Exact_top_k,"[""GAM""]",0.0,0.03,True
S3,200,rate,Exact_top_k,"[""GPR""]",0.0,0.03,True
S3,200,rate,Exact_top_k,"[""LMM""]",0.0,0.03,True
S3,200,rate,Exact_top_k,"[""MERF""]",0.0,0.03,True
S3,200,rate,Exact_top_k,"[""RF""]",0.0,0.03,True
S3,200,rate,Family_recovery,"[""GAM""]",0.0,0.03,True
S3,200,rate,Family_recovery,"[""GPR""]",0.0,0.03,True
S3,200,rate,Family_recovery,"[""LMM""]",0.0,0.03,True
S3,200,rate,Family_recovery,"[""MERF""]",0.0,0.03,True
S3,200,rate,Family_recovery,"[""RF""]",0.0,0.03,True
S4,200,continuous,Standardized_Latent_RMSE,"[""GAM""]",0.00269737231957796,0.02,True
S4,200,continuous,Standardized_Latent_RMSE,"[""GPR""]",0.005779142385007435,0.02,True
S4,200,continuous,Standardized_Latent_RMSE,"[""LMM""]",0.002113769283706232,0.02,True
S4,200,continuous,Standardized_Latent_RMSE,"[""MERF""]",0.0019418875435039881,0.02,True
S4,200,continuous,Standardized_Latent_RMSE,"[""Mean""]",0.0007255424348962832,0.02,True
S4,200,continuous,Standardized_Latent_RMSE,"[""RF""]",0.0019577521435041947,0.02,True
S4,200,continuous,Standardized_IRMSE,"[""GAM"",""biomarker_01""]",0.006191501633781534,0.02,True
S4,200,continuous,Standardized_IRMSE,"[""GAM"",""biomarker_02""]",0.0034330720984215852,0.02,True
S4,200,continuous,Standardized_IRMSE,"[""GPR"",""biomarker_01""]",0.0071445158427239225,0.02,True
S4,200,continuous,Standardized_IRMSE,"[""GPR"",""biomarker_02""]",0.003857908813453218,0.02,True
S4,200,continuous,Standardized_IRMSE,"[""LMM"",""biomarker_01""]",0.0023385631046546292,0.02,True
S4,200,continuous,Standardized_IRMSE,"[""LMM"",""biomarker_02""]",0.0027666497664258025,0.02,True
S4,200,continuous,Standardized_IRMSE,"[""MERF"",""biomarker_01""]",0.004342345344155163,0.02,True
S4,200,continuous,Standardized_IRMSE,"[""MERF"",""biomarker_02""]",0.0023855238332421216,0.02,True
S4,200,continuous,Standardized_IRMSE,"[""Mean"",""biomarker_01""]",0.0030254340511727497,0.02,True
S4,200,continuous,Standardized_IRMSE,"[""Mean"",""biomarker_02""]",0.0010644250205581525,0.02,True
S4,200,continuous,Standardized_IRMSE,"[""RF"",""biomarker_01""]",0.004446389065323484,0.02,True
S4,200,continuous,Standardized_IRMSE,"[""RF"",""biomarker_02""]",0.002482677180992478,0.02,True
S4,200,rate,Average_precision,"[""GAM""]",0.0,0.03,True
S4,200,rate,Average_precision,"[""GPR""]",0.0012500000000000002,0.03,True
S4,200,rate,Average_precision,"[""LMM""]",0.0,0.03,True
S4,200,rate,Average_precision,"[""MERF""]",0.0,0.03,True
S4,200,rate,Average_precision,"[""RF""]",0.0,0.03,True
S4,200,rate,Top_k_recall,"[""GAM""]",0.0,0.03,True
S4,200,rate,Top_k_recall,"[""GPR""]",0.0025000000000000005,0.03,True
S4,200,rate,Top_k_recall,"[""LMM""]",0.0,0.03,True
S4,200,rate,Top_k_recall,"[""MERF""]",0.0,0.03,True
S4,200,rate,Top_k_recall,"[""RF""]",0.0,0.03,True
S4,200,rate,Exact_top_k,"[""GAM""]",0.0,0.03,True
S4,200,rate,Exact_top_k,"[""GPR""]",0.005000000000000001,0.03,True
S4,200,rate,Exact_top_k,"[""LMM""]",0.0,0.03,True
S4,200,rate,Exact_top_k,"[""MERF""]",0.0,0.03,True
S4,200,rate,Exact_top_k,"[""RF""]",0.0,0.03,True
S4,200,rate,Family_recovery,"[""GAM""]",0.0,0.03,True
S4,200,rate,Family_recovery,"[""GPR""]",0.0025000000000000005,0.03,True
S4,200,rate,Family_recovery,"[""LMM""]",0.0,0.03,True
S4,200,rate,Family_recovery,"[""MERF""]",0.0,0.03,True
S4,200,rate,Family_recovery,"[""RF""]",0.0,0.03,True
F1,275,continuous,Standardized_Latent_RMSE,"[""GAM""]",0.002579648387404874,0.02,True
F1,275,continuous,Standardized_Latent_RMSE,"[""GPR""]",0.00375072326744247,0.02,True
F1,275,continuous,Standardized_Latent_RMSE,"[""LMM""]",0.0031774432613642404,0.02,True
F1,275,continuous,Standardized_Latent_RMSE,"[""MERF""]",0.0017907102495625655,0.02,True
F1,275,continuous,Standardized_Latent_RMSE,"[""Mean""]",0.0008121283925870623,0.02,True
F1,275,continuous,Standardized_Latent_RMSE,"[""RF""]",0.001986223076452721,0.02,True
F1,275,continuous,Standardized_IRMSE,"[""GAM"",""biomarker_01""]",0.002751616895568959,0.02,True
F1,275,continuous,Standardized_IRMSE,"[""GAM"",""biomarker_02""]",0.0014530970127989366,0.02,True
F1,275,continuous,Standardized_IRMSE,"[""GPR"",""biomarker_01""]",0.003714397500341593,0.02,True
F1,275,continuous,Standardized_IRMSE,"[""GPR"",""biomarker_02""]",0.0018023452863535404,0.02,True
F1,275,continuous,Standardized_IRMSE,"[""LMM"",""biomarker_01""]",0.001782035686051681,0.02,True
F1,275,continuous,Standardized_IRMSE,"[""LMM"",""biomarker_02""]",0.0020551956787359616,0.02,True
F1,275,continuous,Standardized_IRMSE,"[""MERF"",""biomarker_01""]",0.0026263142000492504,0.02,True
F1,275,continuous,Standardized_IRMSE,"[""MERF"",""biomarker_02""]",0.0013775745466455538,0.02,True
F1,275,continuous,Standardized_IRMSE,"[""Mean"",""biomarker_01""]",0.0010777369933619482,0.02,True
F1,275,continuous,Standardized_IRMSE,"[""Mean"",""biomarker_02""]",0.00047393874153071034,0.02,True
F1,275,continuous,Standardized_IRMSE,"[""RF"",""biomarker_01""]",0.00281644486786213,0.02,True
F1,275,continuous,Standardized_IRMSE,"[""RF"",""biomarker_02""]",0.001403402800754755,0.02,True
F1,275,rate,Average_precision,"[""GAM""]",0.003954791180430787,0.03,True
F1,275,rate,Average_precision,"[""GPR""]",0.011000394832920724,0.03,True
F1,275,rate,Average_precision,"[""LMM""]",0.008859480798920868,0.03,True
F1,275,rate,Average_precision,"[""MERF""]",0.005108243794742136,0.03,True
F1,275,rate,Average_precision,"[""RF""]",0.005030128387753264,0.03,True
F1,275,rate,Top_k_recall,"[""GAM""]",0.006639667029229221,0.03,True
F1,275,rate,Top_k_recall,"[""GPR""]",0.014841057326424089,0.03,True
F1,275,rate,Top_k_recall,"[""LMM""]",0.01283300474315229,0.03,True
F1,275,rate,Top_k_recall,"[""MERF""]",0.007470761006260885,0.03,True
F1,275,rate,Top_k_recall,"[""RF""]",0.008022108559129036,0.03,True
F1,275,rate,Exact_top_k,"[""GAM""]",0.013279334058458441,0.03,True
F1,275,rate,Exact_top_k,"[""GPR""]",0.029682114652848177,0.03,True
F1,275,rate,Exact_top_k,"[""LMM""]",0.02566600948630458,0.03,True
F1,275,rate,Exact_top_k,"[""MERF""]",0.01494152201252177,0.03,True
F1,275,rate,Exact_top_k,"[""RF""]",0.016044217118258073,0.03,True
F1,275,rate,Family_recovery,"[""GAM""]",0.006639667029229221,0.03,True
F1,275,rate,Family_recovery,"[""GPR""]",0.014841057326424089,0.03,True
F1,275,rate,Family_recovery,"[""LMM""]",0.01283300474315229,0.03,True
F1,275,rate,Family_recovery,"[""MERF""]",0.007470761006260885,0.03,True
F1,275,rate,Family_recovery,"[""RF""]",0.008022108559129036,0.03,True
S6,200,continuous,Standardized_Latent_RMSE,"[""GAM""]",0.0036067882806152135,0.02,True
S6,200,continuous,Standardized_Latent_RMSE,"[""GPR""]",0.005796947919670328,0.02,True
S6,200,continuous,Standardized_Latent_RMSE,"[""LMM""]",0.00334130152278922,0.02,True
S6,200,continuous,Standardized_Latent_RMSE,"[""MERF""]",0.002120253387100055,0.02,True
S6,200,continuous,Standardized_Latent_RMSE,"[""Mean""]",0.0008562876580851515,0.02,True
S6,200,continuous,Standardized_Latent_RMSE,"[""RF""]",0.002489911073746276,0.02,True
S6,200,continuous,Standardized_IRMSE,"[""GAM"",""biomarker_01""]",0.005131637346810475,0.02,True
S6,200,continuous,Standardized_IRMSE,"[""GPR"",""biomarker_01""]",0.006561692440761466,0.02,True
S6,200,continuous,Standardized_IRMSE,"[""LMM"",""biomarker_01""]",0.0020404691915376348,0.02,True
S6,200,continuous,Standardized_IRMSE,"[""MERF"",""biomarker_01""]",0.003477836841497806,0.02,True
S6,200,continuous,Standardized_IRMSE,"[""Mean"",""biomarker_01""]",0.002260277804539384,0.02,True
S6,200,continuous,Standardized_IRMSE,"[""RF"",""biomarker_01""]",0.00449092854023483,0.02,True
S6,200,rate,Average_precision,"[""GAM""]",0.0,0.03,True
S6,200,rate,Average_precision,"[""GPR""]",0.0,0.03,True
S6,200,rate,Average_precision,"[""LMM""]",0.0,0.03,True
S6,200,rate,Average_precision,"[""MERF""]",0.0,0.03,True
S6,200,rate,Average_precision,"[""RF""]",0.0,0.03,True
S6,200,rate,Top_k_recall,"[""GAM""]",0.0,0.03,True
S6,200,rate,Top_k_recall,"[""GPR""]",0.0,0.03,True
S6,200,rate,Top_k_recall,"[""LMM""]",0.0,0.03,True
S6,200,rate,Top_k_recall,"[""MERF""]",0.0,0.03,True
S6,200,rate,Top_k_recall,"[""RF""]",0.0,0.03,True
S6,200,rate,Exact_top_k,"[""GAM""]",0.0,0.03,True
S6,200,rate,Exact_top_k,"[""GPR""]",0.0,0.03,True
S6,200,rate,Exact_top_k,"[""LMM""]",0.0,0.03,True
S6,200,rate,Exact_top_k,"[""MERF""]",0.0,0.03,True
S6,200,rate,Exact_top_k,"[""RF""]",0.0,0.03,True
S6,200,rate,Family_recovery,"[""GAM""]",0.0,0.03,True
S6,200,rate,Family_recovery,"[""GPR""]",0.0,0.03,True
S6,200,rate,Family_recovery,"[""LMM""]",0.0,0.03,True
S6,200,rate,Family_recovery,"[""MERF""]",0.0,0.03,True
S6,200,rate,Family_recovery,"[""RF""]",0.0,0.03,True
F2,275,continuous,Standardized_Latent_RMSE,"[""GAM""]",0.0028229551509761043,0.02,True
F2,275,continuous,Standardized_Latent_RMSE,"[""GPR""]",0.004260895647597549,0.02,True
F2,275,continuous,Standardized_Latent_RMSE,"[""LMM""]",0.003069826243093687,0.02,True
F2,275,continuous,Standardized_Latent_RMSE,"[""MERF""]",0.0017016086536711732,0.02,True
F2,275,continuous,Standardized_Latent_RMSE,"[""Mean""]",0.0007402333419455859,0.02,True
F2,275,continuous,Standardized_Latent_RMSE,"[""RF""]",0.0018592036168217523,0.02,True
F2,275,continuous,Standardized_IRMSE,"[""GAM"",""biomarker_01""]",0.002337224189953458,0.02,True
F2,275,continuous,Standardized_IRMSE,"[""GPR"",""biomarker_01""]",0.005110091296720841,0.02,True
F2,275,continuous,Standardized_IRMSE,"[""LMM"",""biomarker_01""]",0.008709173058262893,0.02,True
F2,275,continuous,Standardized_IRMSE,"[""MERF"",""biomarker_01""]",0.0028381530107964995,0.02,True
F2,275,continuous,Standardized_IRMSE,"[""Mean"",""biomarker_01""]",0.0014789785957391394,0.02,True
F2,275,continuous,Standardized_IRMSE,"[""RF"",""biomarker_01""]",0.002661466267896625,0.02,True
F2,275,rate,Average_precision,"[""GAM""]",0.013290534757112652,0.03,True
F2,275,rate,Average_precision,"[""GPR""]",0.024818647115599543,0.03,True
F2,275,rate,Average_precision,"[""LMM""]",0.019146262002070532,0.03,True
F2,275,rate,Average_precision,"[""MERF""]",0.0121032824702972,0.03,True
F2,275,rate,Average_precision,"[""RF""]",0.011845119284229008,0.03,True
F2,275,rate,Top_k_recall,"[""GAM""]",0.02580103545706905,0.03,True
F2,275,rate,Top_k_recall,"[""GPR""]",0.028932881998424437,0.03,True
F2,275,rate,Top_k_recall,"[""LMM""]",0.028504372400443657,0.03,True
F2,275,rate,Top_k_recall,"[""MERF""]",0.023480163784168173,0.03,True
F2,275,rate,Top_k_recall,"[""RF""]",0.022546995687634647,0.03,True
F2,275,rate,Exact_top_k,"[""GAM""]",0.02580103545706905,0.03,True
F2,275,rate,Exact_top_k,"[""GPR""]",0.028932881998424437,0.03,True
F2,275,rate,Exact_top_k,"[""LMM""]",0.028504372400443657,0.03,True
F2,275,rate,Exact_top_k,"[""MERF""]",0.023480163784168173,0.03,True
F2,275,rate,Exact_top_k,"[""RF""]",0.022546995687634647,0.03,True
F2,275,rate,Family_recovery,"[""GAM""]",0.0,0.03,True
F2,275,rate,Family_recovery,"[""GPR""]",0.01494152201252177,0.03,True
F2,275,rate,Family_recovery,"[""LMM""]",0.0,0.03,True
F2,275,rate,Family_recovery,"[""MERF""]",0.0,0.03,True
F2,275,rate,Family_recovery,"[""RF""]",0.0,0.03,True
F3,300,continuous,Standardized_Latent_RMSE,"[""GAM""]",0.002503005969563113,0.02,True
F3,300,continuous,Standardized_Latent_RMSE,"[""GPR""]",0.003389076436870597,0.02,True
F3,300,continuous,Standardized_Latent_RMSE,"[""LMM""]",0.0031302237006040423,0.02,True
F3,300,continuous,Standardized_Latent_RMSE,"[""MERF""]",0.0016319174810901448,0.02,True
F3,300,continuous,Standardized_Latent_RMSE,"[""Mean""]",0.0007556010764314253,0.02,True
F3,300,continuous,Standardized_Latent_RMSE,"[""RF""]",0.0017274344076967912,0.02,True
F3,300,continuous,Standardized_IRMSE,"[""GAM"",""biomarker_01""]",0.0027538977414710915,0.02,True
F3,300,continuous,Standardized_IRMSE,"[""GAM"",""biomarker_02""]",0.0019616779265658403,0.02,True
F3,300,continuous,Standardized_IRMSE,"[""GPR"",""biomarker_01""]",0.005519670104950318,0.02,True
F3,300,continuous,Standardized_IRMSE,"[""GPR"",""biomarker_02""]",0.0027064381822828006,0.02,True
F3,300,continuous,Standardized_IRMSE,"[""LMM"",""biomarker_01""]",0.004133259280086525,0.02,True
F3,300,continuous,Standardized_IRMSE,"[""LMM"",""biomarker_02""]",0.0022998271510917853,0.02,True
F3,300,continuous,Standardized_IRMSE,"[""MERF"",""biomarker_01""]",0.003467494994884477,0.02,True
F3,300,continuous,Standardized_IRMSE,"[""MERF"",""biomarker_02""]",0.0017482543711930222,0.02,True
F3,300,continuous,Standardized_IRMSE,"[""Mean"",""biomarker_01""]",0.001473972014826814,0.02,True
F3,300,continuous,Standardized_IRMSE,"[""Mean"",""biomarker_02""]",0.0004750854820601837,0.02,True
F3,300,continuous,Standardized_IRMSE,"[""RF"",""biomarker_01""]",0.0032747030174379447,0.02,True
F3,300,continuous,Standardized_IRMSE,"[""RF"",""biomarker_02""]",0.001770547374358551,0.02,True
F3,300,rate,Average_precision,"[""GAM""]",0.007480051656327706,0.03,True
F3,300,rate,Average_precision,"[""GPR""]",0.01516139243924153,0.03,True
F3,300,rate,Average_precision,"[""LMM""]",0.013625538535226822,0.03,True
F3,300,rate,Average_precision,"[""MERF""]",0.007501394428518501,0.03,True
F3,300,rate,Average_precision,"[""RF""]",0.008484660108032895,0.03,True
F3,300,rate,Top_k_recall,"[""GAM""]",0.013011728979817457,0.03,True
F3,300,rate,Top_k_recall,"[""GPR""]",0.01856922328778739,0.03,True
F3,300,rate,Top_k_recall,"[""LMM""]",0.01614541639156696,0.03,True
F3,300,rate,Top_k_recall,"[""MERF""]",0.014712657193031886,0.03,True
F3,300,rate,Top_k_recall,"[""RF""]",0.014361164031163658,0.03,True
F3,300,rate,Exact_top_k,"[""GAM""]",0.024929480622100805,0.03,True
F3,300,rate,Exact_top_k,"[""GPR""]",0.027921294063982024,0.03,True
F3,300,rate,Exact_top_k,"[""LMM""]",0.028837890554337213,0.03,True
F3,300,rate,Exact_top_k,"[""MERF""]",0.028603050929618477,0.03,True
F3,300,rate,Exact_top_k,"[""RF""]",0.028291496425144908,0.03,True
F3,300,rate,Family_recovery,"[""GAM""]",0.011028071340353338,0.03,True
F3,300,rate,Family_recovery,"[""GPR""]",0.01573068586836761,0.03,True
F3,300,rate,Family_recovery,"[""LMM""]",0.01298313802243891,0.03,True
F3,300,rate,Family_recovery,"[""MERF""]",0.01408156945409844,0.03,True
F3,300,rate,Family_recovery,"[""RF""]",0.013934336641691936,0.03,True
S9,300,continuous,Standardized_Latent_RMSE,"[""GAM""]",0.0023797660301484317,0.02,True
S9,300,continuous,Standardized_Latent_RMSE,"[""GPR""]",0.004512933766082061,0.02,True
S9,300,continuous,Standardized_Latent_RMSE,"[""LMM""]",0.0031724673205291293,0.02,True
S9,300,continuous,Standardized_Latent_RMSE,"[""MERF""]",0.0018957436803100102,0.02,True
S9,300,continuous,Standardized_Latent_RMSE,"[""Mean""]",0.0009887184669698822,0.02,True
S9,300,continuous,Standardized_Latent_RMSE,"[""RF""]",0.0019060276796592204,0.02,True
S9,300,continuous,Standardized_IRMSE,"[""GAM"",""biomarker_01""]",0.00422299735532769,0.02,True
S9,300,continuous,Standardized_IRMSE,"[""GAM"",""biomarker_02""]",0.003357312838673208,0.02,True
S9,300,continuous,Standardized_IRMSE,"[""GPR"",""biomarker_01""]",0.009709529401122987,0.02,True
S9,300,continuous,Standardized_IRMSE,"[""GPR"",""biomarker_02""]",0.005782068643983609,0.02,True
S9,300,continuous,Standardized_IRMSE,"[""LMM"",""biomarker_01""]",0.007945702255401706,0.02,True
S9,300,continuous,Standardized_IRMSE,"[""LMM"",""biomarker_02""]",0.0032496786158772964,0.02,True
S9,300,continuous,Standardized_IRMSE,"[""MERF"",""biomarker_01""]",0.00513332365843554,0.02,True
S9,300,continuous,Standardized_IRMSE,"[""MERF"",""biomarker_02""]",0.0036365834143551753,0.02,True
S9,300,continuous,Standardized_IRMSE,"[""Mean"",""biomarker_01""]",0.003412861577293751,0.02,True
S9,300,continuous,Standardized_IRMSE,"[""Mean"",""biomarker_02""]",0.0022289268167739918,0.02,True
S9,300,continuous,Standardized_IRMSE,"[""RF"",""biomarker_01""]",0.004981716440544117,0.02,True
S9,300,continuous,Standardized_IRMSE,"[""RF"",""biomarker_02""]",0.0035868282166474233,0.02,True
S9,300,rate,Average_precision,"[""GAM""]",0.008841206651300094,0.03,True
S9,300,rate,Average_precision,"[""GPR""]",0.016148114471963956,0.03,True
S9,300,rate,Average_precision,"[""LMM""]",0.013178411631999997,0.03,True
S9,300,rate,Average_precision,"[""MERF""]",0.010181321970408075,0.03,True
S9,300,rate,Average_precision,"[""RF""]",0.009878906773630085,0.03,True
S9,300,rate,Top_k_recall,"[""GAM""]",0.014818360160445127,0.03,True
S9,300,rate,Top_k_recall,"[""GPR""]",0.01795468924401441,0.03,True
S9,300,rate,Top_k_recall,"[""LMM""]",0.01572005183606992,0.03,True
S9,300,rate,Top_k_recall,"[""MERF""]",0.014449838914929462,0.03,True
S9,300,rate,Top_k_recall,"[""RF""]",0.014874677766168345,0.03,True
S9,300,rate,Exact_top_k,"[""GAM""]",0.028851417827642025,0.03,True
S9,300,rate,Exact_top_k,"[""GPR""]",0.028729443073160027,0.03,True
S9,300,rate,Exact_top_k,"[""LMM""]",0.028909962870561724,0.03,True
S9,300,rate,Exact_top_k,"[""MERF""]",0.02820730710140625,0.03,True
S9,300,rate,Exact_top_k,"[""RF""]",0.028682840061780176,0.03,True
S9,300,rate,Family_recovery,"[""GAM""]",0.012520885561765832,0.03,True
S9,300,rate,Family_recovery,"[""GPR""]",0.013417723460460414,0.03,True
S9,300,rate,Family_recovery,"[""LMM""]",0.009508059520111264,0.03,True
S9,300,rate,Family_recovery,"[""MERF""]",0.014403473609698094,0.03,True
S9,300,rate,Family_recovery,"[""RF""]",0.014165764939496568,0.03,True
S2_N25_V2,200,continuous,Standardized_Latent_RMSE,"[""GAM""]",0.00565757604165464,0.02,True
S2_N25_V2,200,continuous,Standardized_Latent_RMSE,"[""GPR""]",0.007921338986746577,0.02,True
S2_N25_V2,200,continuous,Standardized_Latent_RMSE,"[""LMM""]",0.011747763690505649,0.02,True
S2_N25_V2,200,continuous,Standardized_Latent_RMSE,"[""MERF""]",0.004034143060836316,0.02,True
S2_N25_V2,200,continuous,Standardized_Latent_RMSE,"[""Mean""]",0.0012919762035535861,0.02,True
S2_N25_V2,200,continuous,Standardized_Latent_RMSE,"[""RF""]",0.0043440362538826206,0.02,True
S2_N25_V2,200,continuous,Standardized_IRMSE,"[""GAM"",""biomarker_01""]",0.006579095592172934,0.02,True
S2_N25_V2,200,continuous,Standardized_IRMSE,"[""GPR"",""biomarker_01""]",0.010670922294057512,0.02,True
S2_N25_V2,200,continuous,Standardized_IRMSE,"[""LMM"",""biomarker_01""]",0.0072842976928869764,0.02,True
S2_N25_V2,200,continuous,Standardized_IRMSE,"[""MERF"",""biomarker_01""]",0.006359365122043062,0.02,True
S2_N25_V2,200,continuous,Standardized_IRMSE,"[""Mean"",""biomarker_01""]",0.0027665206844486342,0.02,True
S2_N25_V2,200,continuous,Standardized_IRMSE,"[""RF"",""biomarker_01""]",0.0065886334193953995,0.02,True
S2_N25_V2,200,rate,Average_precision,"[""GAM""]",0.0,0.03,True
S2_N25_V2,200,rate,Average_precision,"[""GPR""]",0.0176142143905875,0.03,True
S2_N25_V2,200,rate,Average_precision,"[""LMM""]",0.01618893731107901,0.03,True
S2_N25_V2,200,rate,Average_precision,"[""MERF""]",0.0,0.03,True
S2_N25_V2,200,rate,Average_precision,"[""RF""]",0.0,0.03,True
S2_N25_V2,200,rate,Top_k_recall,"[""GAM""]",0.0,0.03,True
S2_N25_V2,200,rate,Top_k_recall,"[""GPR""]",0.024959766620478316,0.03,True
S2_N25_V2,200,rate,Top_k_recall,"[""LMM""]",0.01923146500480802,0.03,True
S2_N25_V2,200,rate,Top_k_recall,"[""MERF""]",0.0,0.03,True
S2_N25_V2,200,rate,Top_k_recall,"[""RF""]",0.0,0.03,True
S2_N25_V2,200,rate,Exact_top_k,"[""GAM""]",0.0,0.03,True
S2_N25_V2,200,rate,Exact_top_k,"[""GPR""]",0.024959766620478316,0.03,True
S2_N25_V2,200,rate,Exact_top_k,"[""LMM""]",0.01923146500480802,0.03,True
S2_N25_V2,200,rate,Exact_top_k,"[""MERF""]",0.0,0.03,True
S2_N25_V2,200,rate,Exact_top_k,"[""RF""]",0.0,0.03,True
S2_N25_V2,200,rate,Family_recovery,"[""GAM""]",0.0,0.03,True
S2_N25_V2,200,rate,Family_recovery,"[""GPR""]",0.024959766620478316,0.03,True
S2_N25_V2,200,rate,Family_recovery,"[""LMM""]",0.01923146500480802,0.03,True
S2_N25_V2,200,rate,Family_recovery,"[""MERF""]",0.0,0.03,True
S2_N25_V2,200,rate,Family_recovery,"[""RF""]",0.0,0.03,True
S2_N25_V4,200,continuous,Standardized_Latent_RMSE,"[""GAM""]",0.005367343118267156,0.02,True
S2_N25_V4,200,continuous,Standardized_Latent_RMSE,"[""GPR""]",0.005173370446316655,0.02,True
S2_N25_V4,200,continuous,Standardized_Latent_RMSE,"[""LMM""]",0.005408976552128259,0.02,True
S2_N25_V4,200,continuous,Standardized_Latent_RMSE,"[""MERF""]",0.0024787032707258238,0.02,True
S2_N25_V4,200,continuous,Standardized_Latent_RMSE,"[""Mean""]",0.0011295803977677508,0.02,True
S2_N25_V4,200,continuous,Standardized_Latent_RMSE,"[""RF""]",0.0030057177164962263,0.02,True
S2_N25_V4,200,continuous,Standardized_IRMSE,"[""GAM"",""biomarker_01""]",0.005900241504213338,0.02,True
S2_N25_V4,200,continuous,Standardized_IRMSE,"[""GPR"",""biomarker_01""]",0.007699740328996893,0.02,True
S2_N25_V4,200,continuous,Standardized_IRMSE,"[""LMM"",""biomarker_01""]",0.0037664731251942003,0.02,True
S2_N25_V4,200,continuous,Standardized_IRMSE,"[""MERF"",""biomarker_01""]",0.005486784618124167,0.02,True
S2_N25_V4,200,continuous,Standardized_IRMSE,"[""Mean"",""biomarker_01""]",0.003058003092160836,0.02,True
S2_N25_V4,200,continuous,Standardized_IRMSE,"[""RF"",""biomarker_01""]",0.005989476512852132,0.02,True
S2_N25_V4,200,rate,Average_precision,"[""GAM""]",0.0,0.03,True
S2_N25_V4,200,rate,Average_precision,"[""GPR""]",0.0,0.03,True
S2_N25_V4,200,rate,Average_precision,"[""LMM""]",0.0,0.03,True
S2_N25_V4,200,rate,Average_precision,"[""MERF""]",0.0,0.03,True
S2_N25_V4,200,rate,Average_precision,"[""RF""]",0.0,0.03,True
S2_N25_V4,200,rate,Top_k_recall,"[""GAM""]",0.0,0.03,True
S2_N25_V4,200,rate,Top_k_recall,"[""GPR""]",0.0,0.03,True
S2_N25_V4,200,rate,Top_k_recall,"[""LMM""]",0.0,0.03,True
S2_N25_V4,200,rate,Top_k_recall,"[""MERF""]",0.0,0.03,True
S2_N25_V4,200,rate,Top_k_recall,"[""RF""]",0.0,0.03,True
S2_N25_V4,200,rate,Exact_top_k,"[""GAM""]",0.0,0.03,True
S2_N25_V4,200,rate,Exact_top_k,"[""GPR""]",0.0,0.03,True
S2_N25_V4,200,rate,Exact_top_k,"[""LMM""]",0.0,0.03,True
S2_N25_V4,200,rate,Exact_top_k,"[""MERF""]",0.0,0.03,True
S2_N25_V4,200,rate,Exact_top_k,"[""RF""]",0.0,0.03,True
S2_N25_V4,200,rate,Family_recovery,"[""GAM""]",0.0,0.03,True
S2_N25_V4,200,rate,Family_recovery,"[""GPR""]",0.0,0.03,True
S2_N25_V4,200,rate,Family_recovery,"[""LMM""]",0.0,0.03,True
S2_N25_V4,200,rate,Family_recovery,"[""MERF""]",0.0,0.03,True
S2_N25_V4,200,rate,Family_recovery,"[""RF""]",0.0,0.03,True
S2_N50_V2,200,continuous,Standardized_Latent_RMSE,"[""GAM""]",0.004091157859902884,0.02,True
S2_N50_V2,200,continuous,Standardized_Latent_RMSE,"[""GPR""]",0.005727519382793152,0.02,True
S2_N50_V2,200,continuous,Standardized_Latent_RMSE,"[""LMM""]",0.004875534899684627,0.02,True
S2_N50_V2,200,continuous,Standardized_Latent_RMSE,"[""MERF""]",0.0026070194237581713,0.02,True
S2_N50_V2,200,continuous,Standardized_Latent_RMSE,"[""Mean""]",0.0007637059706003872,0.02,True
S2_N50_V2,200,continuous,Standardized_Latent_RMSE,"[""RF""]",0.002676999536859567,0.02,True
S2_N50_V2,200,continuous,Standardized_IRMSE,"[""GAM"",""biomarker_01""]",0.00605989733725497,0.02,True
S2_N50_V2,200,continuous,Standardized_IRMSE,"[""GPR"",""biomarker_01""]",0.007635604109701087,0.02,True
S2_N50_V2,200,continuous,Standardized_IRMSE,"[""LMM"",""biomarker_01""]",0.0035240526430258792,0.02,True
S2_N50_V2,200,continuous,Standardized_IRMSE,"[""MERF"",""biomarker_01""]",0.005240792489977932,0.02,True
S2_N50_V2,200,continuous,Standardized_IRMSE,"[""Mean"",""biomarker_01""]",0.002973800312875928,0.02,True
S2_N50_V2,200,continuous,Standardized_IRMSE,"[""RF"",""biomarker_01""]",0.0053086691456530515,0.02,True
S2_N50_V2,200,rate,Average_precision,"[""GAM""]",0.0,0.03,True
S2_N50_V2,200,rate,Average_precision,"[""GPR""]",0.0070227243524047835,0.03,True
S2_N50_V2,200,rate,Average_precision,"[""LMM""]",0.0,0.03,True
S2_N50_V2,200,rate,Average_precision,"[""MERF""]",0.0,0.03,True
S2_N50_V2,200,rate,Average_precision,"[""RF""]",0.0,0.03,True
S2_N50_V2,200,rate,Top_k_recall,"[""GAM""]",0.0,0.03,True
S2_N50_V2,200,rate,Top_k_recall,"[""GPR""]",0.008616625276509297,0.03,True
S2_N50_V2,200,rate,Top_k_recall,"[""LMM""]",0.0,0.03,True
S2_N50_V2,200,rate,Top_k_recall,"[""MERF""]",0.0,0.03,True
S2_N50_V2,200,rate,Top_k_recall,"[""RF""]",0.0,0.03,True
S2_N50_V2,200,rate,Exact_top_k,"[""GAM""]",0.0,0.03,True
S2_N50_V2,200,rate,Exact_top_k,"[""GPR""]",0.008616625276509297,0.03,True
S2_N50_V2,200,rate,Exact_top_k,"[""LMM""]",0.0,0.03,True
S2_N50_V2,200,rate,Exact_top_k,"[""MERF""]",0.0,0.03,True
S2_N50_V2,200,rate,Exact_top_k,"[""RF""]",0.0,0.03,True
S2_N50_V2,200,rate,Family_recovery,"[""GAM""]",0.0,0.03,True
S2_N50_V2,200,rate,Family_recovery,"[""GPR""]",0.008616625276509297,0.03,True
S2_N50_V2,200,rate,Family_recovery,"[""LMM""]",0.0,0.03,True
S2_N50_V2,200,rate,Family_recovery,"[""MERF""]",0.0,0.03,True
S2_N50_V2,200,rate,Family_recovery,"[""RF""]",0.0,0.03,True
S2_N100_V2,200,continuous,Standardized_Latent_RMSE,"[""GAM""]",0.0028168102111839452,0.02,True
S2_N100_V2,200,continuous,Standardized_Latent_RMSE,"[""GPR""]",0.005375929698110822,0.02,True
S2_N100_V2,200,continuous,Standardized_Latent_RMSE,"[""LMM""]",0.0023700761985101333,0.02,True
S2_N100_V2,200,continuous,Standardized_Latent_RMSE,"[""MERF""]",0.0018529913685447507,0.02,True
S2_N100_V2,200,continuous,Standardized_Latent_RMSE,"[""Mean""]",0.0006849500955852265,0.02,True
S2_N100_V2,200,continuous,Standardized_Latent_RMSE,"[""RF""]",0.001945772335666391,0.02,True
S2_N100_V2,200,continuous,Standardized_IRMSE,"[""GAM"",""biomarker_01""]",0.0068764476989495,0.02,True
S2_N100_V2,200,continuous,Standardized_IRMSE,"[""GPR"",""biomarker_01""]",0.00734973135962679,0.02,True
S2_N100_V2,200,continuous,Standardized_IRMSE,"[""LMM"",""biomarker_01""]",0.0025805617031552123,0.02,True
S2_N100_V2,200,continuous,Standardized_IRMSE,"[""MERF"",""biomarker_01""]",0.005439799930605874,0.02,True
S2_N100_V2,200,continuous,Standardized_IRMSE,"[""Mean"",""biomarker_01""]",0.004044527671611602,0.02,True
S2_N100_V2,200,continuous,Standardized_IRMSE,"[""RF"",""biomarker_01""]",0.005435445974354494,0.02,True
S2_N100_V2,200,rate,Average_precision,"[""GAM""]",0.0,0.03,True
S2_N100_V2,200,rate,Average_precision,"[""GPR""]",0.0,0.03,True
S2_N100_V2,200,rate,Average_precision,"[""LMM""]",0.0,0.03,True
S2_N100_V2,200,rate,Average_precision,"[""MERF""]",0.0,0.03,True
S2_N100_V2,200,rate,Average_precision,"[""RF""]",0.0,0.03,True
S2_N100_V2,200,rate,Top_k_recall,"[""GAM""]",0.0,0.03,True
S2_N100_V2,200,rate,Top_k_recall,"[""GPR""]",0.0,0.03,True
S2_N100_V2,200,rate,Top_k_recall,"[""LMM""]",0.0,0.03,True
S2_N100_V2,200,rate,Top_k_recall,"[""MERF""]",0.0,0.03,True
S2_N100_V2,200,rate,Top_k_recall,"[""RF""]",0.0,0.03,True
S2_N100_V2,200,rate,Exact_top_k,"[""GAM""]",0.0,0.03,True
S2_N100_V2,200,rate,Exact_top_k,"[""GPR""]",0.0,0.03,True
S2_N100_V2,200,rate,Exact_top_k,"[""LMM""]",0.0,0.03,True
S2_N100_V2,200,rate,Exact_top_k,"[""MERF""]",0.0,0.03,True
S2_N100_V2,200,rate,Exact_top_k,"[""RF""]",0.0,0.03,True
S2_N100_V2,200,rate,Family_recovery,"[""GAM""]",0.0,0.03,True
S2_N100_V2,200,rate,Family_recovery,"[""GPR""]",0.0,0.03,True
S2_N100_V2,200,rate,Family_recovery,"[""LMM""]",0.0,0.03,True
S2_N100_V2,200,rate,Family_recovery,"[""MERF""]",0.0,0.03,True
S2_N100_V2,200,rate,Family_recovery,"[""RF""]",0.0,0.03,True
S2_N100_V4,200,continuous,Standardized_Latent_RMSE,"[""GAM""]",0.001960579144780499,0.02,True
S2_N100_V4,200,continuous,Standardized_Latent_RMSE,"[""GPR""]",0.005194495506988991,0.02,True
S2_N100_V4,200,continuous,Standardized_Latent_RMSE,"[""LMM""]",0.0013990765258008835,0.02,True
S2_N100_V4,200,continuous,Standardized_Latent_RMSE,"[""MERF""]",0.0017213925017013614,0.02,True
S2_N100_V4,200,continuous,Standardized_Latent_RMSE,"[""Mean""]",0.0005543820431989573,0.02,True
S2_N100_V4,200,continuous,Standardized_Latent_RMSE,"[""RF""]",0.0016234576353529773,0.02,True
S2_N100_V4,200,continuous,Standardized_IRMSE,"[""GAM"",""biomarker_01""]",0.006388372257357407,0.02,True
S2_N100_V4,200,continuous,Standardized_IRMSE,"[""GPR"",""biomarker_01""]",0.007111042495713293,0.02,True
S2_N100_V4,200,continuous,Standardized_IRMSE,"[""LMM"",""biomarker_01""]",0.0016676810048537084,0.02,True
S2_N100_V4,200,continuous,Standardized_IRMSE,"[""MERF"",""biomarker_01""]",0.004541861674879387,0.02,True
S2_N100_V4,200,continuous,Standardized_IRMSE,"[""Mean"",""biomarker_01""]",0.003314901328612052,0.02,True
S2_N100_V4,200,continuous,Standardized_IRMSE,"[""RF"",""biomarker_01""]",0.0046441185448583165,0.02,True
S2_N100_V4,200,rate,Average_precision,"[""GAM""]",0.0,0.03,True
S2_N100_V4,200,rate,Average_precision,"[""GPR""]",0.0,0.03,True
S2_N100_V4,200,rate,Average_precision,"[""LMM""]",0.0,0.03,True
S2_N100_V4,200,rate,Average_precision,"[""MERF""]",0.0,0.03,True
S2_N100_V4,200,rate,Average_precision,"[""RF""]",0.0,0.03,True
S2_N100_V4,200,rate,Top_k_recall,"[""GAM""]",0.0,0.03,True
S2_N100_V4,200,rate,Top_k_recall,"[""GPR""]",0.0,0.03,True
S2_N100_V4,200,rate,Top_k_recall,"[""LMM""]",0.0,0.03,True
S2_N100_V4,200,rate,Top_k_recall,"[""MERF""]",0.0,0.03,True
S2_N100_V4,200,rate,Top_k_recall,"[""RF""]",0.0,0.03,True
S2_N100_V4,200,rate,Exact_top_k,"[""GAM""]",0.0,0.03,True
S2_N100_V4,200,rate,Exact_top_k,"[""GPR""]",0.0,0.03,True
S2_N100_V4,200,rate,Exact_top_k,"[""LMM""]",0.0,0.03,True
S2_N100_V4,200,rate,Exact_top_k,"[""MERF""]",0.0,0.03,True
S2_N100_V4,200,rate,Exact_top_k,"[""RF""]",0.0,0.03,True
S2_N100_V4,200,rate,Family_recovery,"[""GAM""]",0.0,0.03,True
S2_N100_V4,200,rate,Family_recovery,"[""GPR""]",0.0,0.03,True
S2_N100_V4,200,rate,Family_recovery,"[""LMM""]",0.0,0.03,True
S2_N100_V4,200,rate,Family_recovery,"[""MERF""]",0.0,0.03,True
S2_N100_V4,200,rate,Family_recovery,"[""RF""]",0.0,0.03,True
