Scenario,Task,Model,N_attempted,N_successful,Failure_rate,Warning_rate,Fallback_rate,Nonconvergence_rate,Fit_seconds_mean,Tuning_seconds_mean,Evaluation_seconds_mean,Task_seconds_mean,Kernel_boundary_hits_mean,MERF_iterations_mean,MERF_early_stop_rate,Dropped_dependent_columns_mean
F1,known_ID_last_visit_current_X,GAM,275,275,0.0,0.0,0.0,0.0,0.02545647599842844,0.7588230425462296,0.04106556436327413,0.8253450829079322,0.0,0.0,0.0,0.0
F1,known_ID_last_visit_current_X,GPR,275,275,0.0,0.9963636363636363,0.0,0.0,4.252462510186702,12.217254288000193,0.03632008617593039,16.506036884362825,10.530909090909091,0.0,0.0,0.0
F1,known_ID_last_visit_current_X,LMM,275,275,0.0,1.0,0.850909090909091,0.0,0.5806689221840299,3.333089592739601e-06,0.06101630581918554,0.6416885610928081,0.0,0.0,0.0,0.0
F1,known_ID_last_visit_current_X,MERF,275,275,0.0,0.0,0.0,0.0,16.367637930545502,290.92848941854464,0.18458178291015265,307.48070913200036,0.0,12.72,0.8763636363636363,0.0
F1,known_ID_last_visit_current_X,Mean,275,275,0.0,0.0,0.0,0.0,3.837963669370352e-05,1.3301823690364308e-06,0.02855911091390722,0.02859882073296996,0.0,0.0,0.0,0.0
F1,known_ID_last_visit_current_X,RF,275,275,0.0,0.0,0.0,0.0,1.4214004654532024,29.40087289418033,0.2209156898213339,31.043189049454867,0.0,0.0,0.0,0.0
F1,new_ID_independent_test,GAM,275,275,0.0,0.0,0.0,0.0,0.026395942186381118,0.8178336909113832,1.6122326101748727,2.4564622432726373,0.0,0.0,0.0,0.0
F1,new_ID_independent_test,GPR,275,275,0.0,0.9963636363636363,0.0,0.0,7.280464190186123,19.733478352725584,1.8901641374590161,28.904106680370724,9.076363636363636,0.0,0.0,0.0
F1,new_ID_independent_test,LMM,275,275,0.0,1.0,0.8654545454545455,0.0,0.5471640021815917,1.1880001825788483e-06,0.9837064167297318,1.530871606911506,0.0,0.0,0.0,0.0
F1,new_ID_independent_test,MERF,275,275,0.0,0.0036363636363636364,0.0,0.0,14.921028674543194,253.397618941817,9.872278983274274,278.19092659963445,0.0,11.66909090909091,0.96,0.0
F1,new_ID_independent_test,Mean,275,275,0.0,0.0,0.0,0.0,4.021490704458715e-05,1.2218156850642779e-06,0.11088757528179981,0.11092901200452947,0.0,0.0,0.0,0.0
F1,new_ID_independent_test,RF,275,275,0.0,0.0,0.0,0.0,1.4742527261811351,29.708702391636535,12.293972882548934,43.476928000366605,0.0,0.0,0.0,0.0
F2,known_ID_last_visit_current_X,GAM,275,275,0.0,0.0,0.0,0.0,0.027227092002682515,0.7998848378142364,0.042780290547075724,0.8698922203639946,0.0,0.0,0.0,0.0
F2,known_ID_last_visit_current_X,GPR,275,275,0.0,0.9927272727272727,0.0,0.0,4.322234409458919,12.845059703638544,0.03738433853572298,17.204678451633185,10.930909090909092,0.0,0.0,0.0
F2,known_ID_last_visit_current_X,LMM,275,275,0.0,0.9927272727272727,0.8763636363636363,0.0,0.642305592729165,1.3301827923648737e-06,0.06716459963391323,0.7094715225458706,0.0,0.0,0.0,0.0
F2,known_ID_last_visit_current_X,MERF,275,275,0.0,0.0,0.0,0.0,16.108532385452577,330.4601193803642,0.18028689854458207,346.74893866436133,0.0,12.592727272727272,0.8763636363636363,0.0
F2,known_ID_last_visit_current_X,Mean,275,275,0.0,0.0,0.0,0.0,4.140727094967257e-05,1.1930902837775647e-06,0.030039840366040484,0.030082440727273934,0.0,0.0,0.0,0.0
F2,known_ID_last_visit_current_X,RF,275,275,0.0,0.0,0.0,0.0,1.4743570047212415,29.934641074547518,0.22112408218296795,31.630122161451727,0.0,0.0,0.0,0.0
F2,new_ID_independent_test,GAM,275,275,0.0,0.0,0.0,0.0,0.030434169088125188,0.9059361690945066,1.7365949261821119,2.6729652643647435,0.0,0.0,0.0,0.0
F2,new_ID_independent_test,GPR,275,275,0.0,1.0,0.0,0.0,7.185130124368642,20.303914077454536,1.8883392141763629,29.377383415999542,9.447272727272727,0.0,0.0,0.0
F2,new_ID_independent_test,LMM,275,275,0.0,1.0,0.8254545454545454,0.0,0.5983632265448845,1.4036382410929285e-06,1.0256566319984268,1.6240212621815524,0.0,0.0,0.0,0.0
F2,new_ID_independent_test,MERF,275,275,0.0,0.0,0.0,0.0,14.333199256360874,344.32538893963743,9.016512768002258,367.67510096400053,0.0,11.421818181818182,0.96,0.0
F2,new_ID_independent_test,Mean,275,275,0.0,0.0,0.0,0.0,5.194727421357212e-05,2.8621824193661187e-06,0.0966079687224754,0.09666277817910833,0.0,0.0,0.0,0.0
F2,new_ID_independent_test,RF,275,275,0.0,0.0,0.0,0.0,1.4871729069126676,30.38043565199885,11.545570744726707,43.41317930363822,0.0,0.0,0.0,0.0
F3,known_ID_last_visit_current_X,GAM,300,300,0.0,0.0,0.0,0.0,0.02871693033162349,0.8167593796638781,0.043887698668186204,0.8893640086636878,0.0,0.0,0.0,0.0
F3,known_ID_last_visit_current_X,GPR,300,300,0.0,0.9833333333333333,0.0,0.0,6.2520768046662365,17.388433750670664,0.03903460266085555,23.679545157997758,20.883333333333333,0.0,0.0,0.0
F3,known_ID_last_visit_current_X,LMM,300,300,0.0,0.9766666666666667,0.8866666666666667,0.0,0.6787842870018843,1.3430010585580021e-06,0.06650387799913006,0.7452895080020728,0.0,0.0,0.0,0.0
F3,known_ID_last_visit_current_X,MERF,300,300,0.0,0.0,0.0,0.0,18.59086150633899,337.04501118699903,0.1831375583322612,355.81901025167025,0.0,14.266666666666667,0.8033333333333333,0.0
F3,known_ID_last_visit_current_X,Mean,300,300,0.0,0.0,0.0,0.0,4.9965996853037115e-05,1.4076683631477257e-06,0.03140206233426094,0.03145343599947713,0.0,0.0,0.0,0.0
F3,known_ID_last_visit_current_X,RF,300,300,0.0,0.0,0.0,0.0,1.5132394303333907,32.50310904300391,0.22722407132814018,34.24357254466544,0.0,0.0,0.0,0.0
F3,new_ID_independent_test,GAM,300,300,0.0,0.0,0.0,0.0,0.03131054166585576,0.9176954986671869,1.8484520733320338,2.7974581136650767,0.0,0.0,0.0,0.0
F3,new_ID_independent_test,GPR,300,300,0.0,1.0,0.0,0.0,12.61216906733498,32.20820570800002,2.077761687001451,46.89813646233645,19.13,0.0,0.0,0.0
F3,new_ID_independent_test,LMM,300,300,0.0,1.0,0.8433333333333334,0.0,0.6671298306662599,1.2110007567874466e-06,1.0799449670026904,1.747076008669707,0.0,0.0,0.0,0.0
F3,new_ID_independent_test,MERF,300,300,0.0,0.0,0.0,0.0,15.887259677662588,492.8885723350011,10.586458615004545,519.3622906276682,0.0,12.166666666666666,0.92,0.0
F3,new_ID_independent_test,Mean,300,300,0.0,0.0,0.0,0.0,3.7538333247842575e-05,1.3256653861996407e-06,0.1155453859975872,0.11558424999622123,0.0,0.0,0.0,0.0
F3,new_ID_independent_test,RF,300,300,0.0,0.0,0.0,0.0,1.5356901766658848,32.89441099866793,13.627902583999191,48.058003759333005,0.0,0.0,0.0,0.0
S0,known_ID_last_visit_current_X,GAM,200,200,0.0,0.0,0.0,0.0,0.016715288498671724,0.49092186099791435,0.025874780506128445,0.5335119300027145,0.0,0.0,0.0,0.0
S0,known_ID_last_visit_current_X,GPR,200,200,0.0,0.99,0.0,0.0,2.8603621559991734,8.431005479999003,0.023890382500248962,11.315258018498426,11.37,0.0,0.0,0.0
S0,known_ID_last_visit_current_X,LMM,200,200,0.0,1.0,0.895,0.0,0.4107606679981109,9.9100056104362e-07,0.04228107450413518,0.4530427335028071,0.0,0.0,0.0,0.0
S0,known_ID_last_visit_current_X,MERF,200,200,0.0,0.0,0.0,0.0,12.462449473002344,202.22010753349633,0.1271051780000562,214.80966218449873,0.0,15.27,0.81,0.0
S0,known_ID_last_visit_current_X,Mean,200,200,0.0,0.0,0.0,0.0,3.003900346811861e-05,9.035028051584959e-07,0.02047668799350504,0.020507630499778315,0.0,0.0,0.0,0.0
S0,known_ID_last_visit_current_X,RF,200,200,0.0,0.0,0.0,0.0,0.9975986865028972,20.313161398496014,0.16703947499860078,21.47779955999751,0.0,0.0,0.0,0.0
S0,new_ID_independent_test,GAM,200,200,0.0,0.0,0.0,0.0,0.019181321996147745,0.57810366499878,0.989795579505153,1.5870805665000807,0.0,0.0,0.0,0.0
S0,new_ID_independent_test,GPR,200,200,0.0,0.99,0.0,0.0,5.371870279996074,14.244082757000578,1.2328507865109715,20.848803823507623,10.495,0.0,0.0,0.0
S0,new_ID_independent_test,LMM,200,200,0.0,1.0,0.895,0.0,0.3456649319949793,1.001999480649829e-06,0.5947071410052013,0.9403730749996612,0.0,0.0,0.0,0.0
S0,new_ID_independent_test,MERF,200,200,0.0,0.0,0.0,0.0,11.316219907999038,194.23188171100162,6.215411997995688,211.76351361699636,0.0,13.605,0.865,0.0
S0,new_ID_independent_test,Mean,200,200,0.0,0.0,0.0,0.0,3.392900165636093e-05,9.689980652183293e-07,0.056272634500055575,0.05630753249977715,0.0,0.0,0.0,0.0
S0,new_ID_independent_test,RF,200,200,0.0,0.0,0.0,0.0,0.9860978429979878,20.556761012002827,8.308147609502193,29.85100646450301,0.0,0.0,0.0,0.0
S1,known_ID_last_visit_current_X,GAM,200,200,0.0,0.0,0.0,0.0,0.01975928349653259,0.5783464554976672,0.030296970506897197,0.628402709501097,0.0,0.0,0.0,0.0
S1,known_ID_last_visit_current_X,GPR,200,200,0.0,1.0,0.0,0.0,3.1174002210021716,9.311662390999846,0.027356753495987506,12.456419365498004,9.915,0.0,0.0,0.0
S1,known_ID_last_visit_current_X,LMM,200,200,0.0,0.995,0.82,0.0,0.471009460001369,1.0955019388347865e-06,0.04948814599425532,0.5204987014975632,0.0,0.0,0.0,0.0
S1,known_ID_last_visit_current_X,MERF,200,200,0.0,0.0,0.0,0.0,10.990658192499541,215.20039203850146,0.138506778999581,226.32955701000057,0.0,11.545,0.945,0.0
S1,known_ID_last_visit_current_X,Mean,200,200,0.0,0.0,0.0,0.0,3.0682999058626594e-05,9.840005077421665e-07,0.02464428349689115,0.024675950496457516,0.0,0.0,0.0,0.0
S1,known_ID_last_visit_current_X,RF,200,200,0.0,0.0,0.0,0.0,1.1341283890005434,25.094392726504594,0.17295023299579043,26.401471348500927,0.0,0.0,0.0,0.0
S1,new_ID_independent_test,GAM,200,200,0.0,0.0,0.0,0.0,0.02071260000404436,0.6554963025014149,1.1866645789984613,1.8628734815039207,0.0,0.0,0.0,0.0
S1,new_ID_independent_test,GPR,200,200,0.0,1.0,0.0,0.0,4.843310665502795,14.4760695774958,1.4182349995023105,20.737615242500905,9.445,0.0,0.0,0.0
S1,new_ID_independent_test,LMM,200,200,0.0,1.0,0.85,0.0,0.3984071790007874,1.0190001921728254e-06,0.7598447234951891,1.1582529214961688,0.0,0.0,0.0,0.0
S1,new_ID_independent_test,MERF,200,200,0.0,0.0,0.0,0.0,10.095038968000445,181.78328955499688,9.156771357501276,201.0350998804986,0.0,10.635,0.975,0.0
S1,new_ID_independent_test,Mean,200,200,0.0,0.0,0.0,0.0,3.201000043191016e-05,1.0249961633235216e-06,0.07248785250354559,0.07252088750014081,0.0,0.0,0.0,0.0
S1,new_ID_independent_test,RF,200,200,0.0,0.0,0.0,0.0,1.1310759645007784,23.92254716450174,10.61829480999848,35.671917939001,0.0,0.0,0.0,0.0
S2,known_ID_last_visit_current_X,GAM,200,200,0.0,0.0,0.0,0.0,0.02271028900460806,0.6660400265071076,0.03510592649050523,0.7238562420022209,0.0,0.0,0.0,0.0
S2,known_ID_last_visit_current_X,GPR,200,200,0.0,1.0,0.0,0.0,3.612985026502283,11.233123172005872,0.031958863994805145,14.878067062502959,10.525,0.0,0.0,0.0
S2,known_ID_last_visit_current_X,LMM,200,200,0.0,1.0,0.86,0.0,0.5754510655003833,1.1735002044588328e-06,0.05664963850111235,0.6321018775017001,0.0,0.0,0.0,0.0
S2,known_ID_last_visit_current_X,MERF,200,200,0.0,0.0,0.0,0.0,12.994415313000209,245.9823627704999,0.17894659549405334,259.15572467899415,0.0,11.95,0.885,0.0
S2,known_ID_last_visit_current_X,Mean,200,200,0.0,0.0,0.0,0.0,3.5332500701770186e-05,1.1530006304383279e-06,0.0277120309980819,0.027748516499414108,0.0,0.0,0.0,0.0
S2,known_ID_last_visit_current_X,RF,200,200,0.0,0.0,0.0,0.0,1.3291608870023628,27.149993765505496,0.22316010449256282,28.702314757000423,0.0,0.0,0.0,0.0
S2,new_ID_independent_test,GAM,200,200,0.0,0.0,0.0,0.0,0.024089142000884748,0.7363601820002077,1.4088307224982417,2.1692800464993343,0.0,0.0,0.0,0.0
S2,new_ID_independent_test,GPR,200,200,0.0,1.0,0.0,0.0,5.656173787500593,17.580791110001154,1.6057498354982818,24.84271473300003,9.735,0.0,0.0,0.0
S2,new_ID_independent_test,LMM,200,200,0.0,1.0,0.885,0.0,0.5181621094990987,1.219994737766683e-06,0.8919643095036736,1.4101276389975101,0.0,0.0,0.0,0.0
S2,new_ID_independent_test,MERF,200,200,0.0,0.0,0.0,0.0,11.213444216501665,207.791705395006,8.815806152491131,227.8209557639988,0.0,10.28,0.98,0.0
S2,new_ID_independent_test,Mean,200,200,0.0,0.0,0.0,0.0,3.479199716821313e-05,1.2375006917864083e-06,0.085760919508175,0.08579694900603499,0.0,0.0,0.0,0.0
S2,new_ID_independent_test,RF,200,200,0.0,0.0,0.0,0.0,1.316514373998507,27.34890318700811,11.947565675990191,40.612983236996804,0.0,0.0,0.0,0.0
S2_N100_V2,known_ID_last_visit_current_X,GAM,200,200,0.0,0.0,0.0,0.0,0.03192736249993175,0.9465774790018199,0.053660212499517856,1.0321650540012695,0.0,0.0,0.0,0.0
S2_N100_V2,known_ID_last_visit_current_X,GPR,200,200,0.0,0.99,0.0,0.0,2.4100094465000756,5.423120437499865,0.04612010050050742,7.879249984500449,11.02,0.0,0.0,0.0
S2_N100_V2,known_ID_last_visit_current_X,LMM,200,200,0.0,0.965,0.0,0.0,0.17834424449669228,1.3080001002663266e-06,0.09842050550748212,0.2767660580042747,0.0,0.0,0.0,1.0
S2_N100_V2,known_ID_last_visit_current_X,MERF,200,200,0.0,0.0,0.0,0.0,19.12645123500222,299.9693616985001,0.23846894049867956,319.334281874001,0.0,11.01,1.0,0.0
S2_N100_V2,known_ID_last_visit_current_X,Mean,200,200,0.0,0.0,0.0,0.0,5.3237499299427784e-05,1.4069999457433368e-06,0.03912078750221497,0.03917543200146014,0.0,0.0,0.0,0.0
S2_N100_V2,known_ID_last_visit_current_X,RF,200,200,0.0,0.0,0.0,0.0,1.6402183924983182,33.42068554999752,0.2499064725014847,35.31081041499732,0.0,0.0,0.0,0.0
S2_N100_V2,new_ID_independent_test,GAM,200,200,0.0,0.0,0.0,0.0,0.03343332900335355,1.0279044625000477,1.633613543996407,2.6949513354998085,0.0,0.0,0.0,0.0
S2_N100_V2,new_ID_independent_test,GPR,200,200,0.0,1.0,0.0,0.0,8.30169040800024,23.946236591995604,1.4735787075047169,33.721505707500555,9.59,0.0,0.0,0.0
S2_N100_V2,new_ID_independent_test,LMM,200,200,0.0,1.0,0.84,0.0,1.4334963559999125,1.3474989395945158e-06,1.0029884680022827,2.4364861715011346,0.0,0.0,0.0,0.0
S2_N100_V2,new_ID_independent_test,MERF,200,200,0.0,0.0,0.0,0.0,22.935957844499068,449.4921645979992,10.57305746150282,483.0011799040011,0.0,13.3,0.885,0.0
S2_N100_V2,new_ID_independent_test,Mean,200,200,0.0,0.0,0.0,0.0,4.205399715033309e-05,1.5070017394691603e-06,0.09704604950143078,0.09708961050032058,0.0,0.0,0.0,0.0
S2_N100_V2,new_ID_independent_test,RF,200,200,0.0,0.0,0.0,0.0,1.712051072998228,35.0825515410016,11.49076714250144,48.28536975650127,0.0,0.0,0.0,0.0
S2_N100_V4,known_ID_last_visit_current_X,GAM,200,200,0.0,0.0,0.0,0.0,0.041904716000010465,1.1516532434999727,0.06132518849998178,1.254883147999965,0.0,0.0,0.0,0.0
S2_N100_V4,known_ID_last_visit_current_X,GPR,200,200,0.0,1.0,0.0,0.0,21.816579836499905,56.327349407500044,0.05935472200011873,78.20328396600006,9.555,0.0,0.0,0.0
S2_N100_V4,known_ID_last_visit_current_X,LMM,200,200,0.0,1.0,0.84,0.0,1.5400725454999702,1.3975001820654142e-06,0.11994006299989451,1.6600140060000468,0.0,0.0,0.0,0.0
S2_N100_V4,known_ID_last_visit_current_X,MERF,200,200,0.0,0.0,0.0,0.0,21.292359591000015,393.57814559350015,0.28551190849976366,415.15601709299995,0.0,10.305,0.98,0.0
S2_N100_V4,known_ID_last_visit_current_X,Mean,200,200,0.0,0.0,0.0,0.0,4.7410499973921105e-05,1.6025000377339893e-06,0.040356454499938084,0.040405467499949735,0.0,0.0,0.0,0.0
S2_N100_V4,known_ID_last_visit_current_X,RF,200,200,0.0,0.0,0.0,0.0,1.8647756335000645,38.158919318499905,0.2933386520000977,40.31703360400006,0.0,0.0,0.0,0.0
S2_N100_V4,new_ID_independent_test,GAM,200,200,0.0,0.0,0.0,0.0,0.04373044149992666,1.2006634324999232,2.299230683500109,3.543624557499959,0.0,0.0,0.0,0.0
S2_N100_V4,new_ID_independent_test,GPR,200,200,0.0,1.0,0.0,0.0,37.86271332150008,102.86557839000008,3.688276867499651,144.4165685789998,9.085,0.0,0.0,0.0
S2_N100_V4,new_ID_independent_test,LMM,200,200,0.0,1.0,0.9,0.0,1.5839934435002079,1.6619999587419443e-06,1.257522579999927,2.8415176855000936,0.0,0.0,0.0,0.0
S2_N100_V4,new_ID_independent_test,MERF,200,200,0.0,0.0,0.0,0.0,20.8508853634999,326.1742849680001,14.22928265749997,361.25445298899996,0.0,9.82,1.0,0.0
S2_N100_V4,new_ID_independent_test,Mean,200,200,0.0,0.0,0.0,0.0,4.7618500095722995e-05,1.8120000572707796e-06,0.13218045399981976,0.13222988449997275,0.0,0.0,0.0,0.0
S2_N100_V4,new_ID_independent_test,RF,200,200,0.0,0.0,0.0,0.0,1.876806173500056,38.66696253950001,14.639904237499966,55.18367295050003,0.0,0.0,0.0,0.0
S2_N25_V2,known_ID_last_visit_current_X,GAM,200,200,0.0,0.0,0.0,0.0,0.01772933800588362,0.5500453235051828,0.029962129985215143,0.5977367914962816,0.0,0.0,0.0,0.0
S2_N25_V2,known_ID_last_visit_current_X,GPR,200,200,0.0,0.88,0.0,0.0,0.22453055850346573,1.117062802495202,0.026187665002653376,1.3677810260013212,13.585,0.0,0.0,0.0
S2_N25_V2,known_ID_last_visit_current_X,LMM,200,200,0.0,0.765,0.0,0.0,0.04834352800040506,1.0585010750219226e-06,0.042308361497125586,0.09065294799860567,0.0,0.0,0.0,1.015
S2_N25_V2,known_ID_last_visit_current_X,MERF,200,200,0.0,0.0,0.0,0.0,9.29939524249814,166.98519871450029,0.12756316300772597,176.41215712000616,0.0,11.225,1.0,0.0
S2_N25_V2,known_ID_last_visit_current_X,Mean,200,200,0.0,0.0,0.0,0.0,2.865750400815159e-05,1.0095007019117475e-06,0.022165410001180136,0.0221950770058902,0.0,0.0,0.0,0.0
S2_N25_V2,known_ID_last_visit_current_X,RF,200,200,0.0,0.0,0.0,0.0,1.0898187249986222,22.19966971849848,0.1682525850046659,23.45774102850177,0.0,0.0,0.0,0.0
S2_N25_V2,new_ID_independent_test,GAM,200,200,0.0,0.0,0.0,0.0,0.02241392799827736,0.6724361919920193,1.0765347455063603,1.7713848654966569,0.0,0.0,0.0,0.0
S2_N25_V2,new_ID_independent_test,GPR,200,200,0.0,0.985,0.0,0.0,0.3972668160015019,1.6779172974952963,0.6454311435075942,2.7206152570043924,13.91,0.0,0.0,0.0
S2_N25_V2,new_ID_independent_test,LMM,200,200,0.0,0.82,0.71,0.0,0.2254812469985336,1.2945017078891396e-06,0.6371626325050602,0.8626451740053017,0.0,0.0,0.0,0.015
S2_N25_V2,new_ID_independent_test,MERF,200,200,0.0,0.0,0.0,0.0,12.255191962493118,272.12306305049685,5.929037021504482,290.3072920344945,0.0,14.54,0.745,0.0
S2_N25_V2,new_ID_independent_test,Mean,200,200,0.0,0.0,0.0,0.0,3.4152502194046975e-05,1.0659958934411406e-06,0.05362052200303879,0.05365574050112627,0.0,0.0,0.0,0.0
S2_N25_V2,new_ID_independent_test,RF,200,200,0.0,0.0,0.0,0.0,1.0983275940001476,22.962638952999843,8.255681067497935,32.316647614497924,0.0,0.0,0.0,0.0
S2_N25_V4,known_ID_last_visit_current_X,GAM,200,200,0.0,0.0,0.0,0.0,0.01893366150383372,0.5614212499989663,0.030721205493900925,0.6110761169967008,0.0,0.0,0.0,0.0
S2_N25_V4,known_ID_last_visit_current_X,GPR,200,200,0.0,0.995,0.0,0.0,0.86899201900349,2.515055773500935,0.02700700050161686,3.411054793006042,12.7,0.0,0.0,0.0
S2_N25_V4,known_ID_last_visit_current_X,LMM,200,200,0.0,0.935,0.835,0.0,0.2798343060008483,1.1205027112737298e-06,0.04247044150193688,0.32230586800549643,0.0,0.0,0.0,0.02
S2_N25_V4,known_ID_last_visit_current_X,MERF,200,200,0.0,0.0,0.0,0.0,11.522572557498934,232.52318460000154,0.11796644000452944,244.16372359750503,0.0,13.445,0.805,0.0
S2_N25_V4,known_ID_last_visit_current_X,Mean,200,200,0.0,0.0,0.0,0.0,3.160649910569191e-05,1.0014977306127547e-06,0.024143098506028762,0.024175706502865067,0.0,0.0,0.0,0.0
S2_N25_V4,known_ID_last_visit_current_X,RF,200,200,0.0,0.0,0.0,0.0,1.1087746429926484,22.279144524998266,0.15371495350962505,23.541634121500536,0.0,0.0,0.0,0.0
S2_N25_V4,new_ID_independent_test,GAM,200,200,0.0,0.0,0.0,0.0,0.022461205997969955,0.6724058614962268,1.2565176190045895,1.9513846864987863,0.0,0.0,0.0,0.0
S2_N25_V4,new_ID_independent_test,GPR,200,200,0.0,0.995,0.0,0.0,1.66466924450011,3.517994850503164,0.9910950115008745,6.173759106504149,11.2,0.0,0.0,0.0
S2_N25_V4,new_ID_independent_test,LMM,200,200,0.0,0.99,0.85,0.0,0.2364075614954345,9.574991418048739e-07,0.7360230180050712,0.9724315369996475,0.0,0.0,0.0,0.02
S2_N25_V4,new_ID_independent_test,MERF,200,200,0.0,0.0,0.0,0.0,9.444974166503526,198.40786254600155,6.088257036998985,213.94109374950406,0.0,11.025,0.925,0.0
S2_N25_V4,new_ID_independent_test,Mean,200,200,0.0,0.0,0.0,0.0,2.966950065456331e-05,1.0085030226036907e-06,0.0716334479994839,0.07166412600316108,0.0,0.0,0.0,0.0
S2_N25_V4,new_ID_independent_test,RF,200,200,0.0,0.0,0.0,0.0,1.094540338497027,22.385757955501322,8.30242229700205,31.7827205910004,0.0,0.0,0.0,0.0
S2_N50_V2,known_ID_last_visit_current_X,GAM,200,200,0.0,0.0,0.0,0.0,0.019521935504162684,0.5822683144954499,0.03270552050380502,0.6344957705034175,0.0,0.0,0.0,0.0
S2_N50_V2,known_ID_last_visit_current_X,GPR,200,200,0.0,0.97,0.0,0.0,0.4046615590003785,1.8476280335040065,0.02940334348997567,2.2816929359943607,13.215,0.0,0.0,0.0
S2_N50_V2,known_ID_last_visit_current_X,LMM,200,200,0.0,0.925,0.0,0.0,0.07876161199586931,1.6234972281381489e-06,0.054243575506843625,0.13300681099994108,0.0,0.0,0.0,1.0
S2_N50_V2,known_ID_last_visit_current_X,MERF,200,200,0.0,0.0,0.0,0.0,10.359186079499777,177.28730861799676,0.12431625700148288,187.77081095449802,0.0,10.965,1.0,0.0
S2_N50_V2,known_ID_last_visit_current_X,Mean,200,200,0.0,0.0,0.0,0.0,3.0381996184587477e-05,1.0950007708743215e-06,0.026358825003844687,0.02639030200080015,0.0,0.0,0.0,0.0
S2_N50_V2,known_ID_last_visit_current_X,RF,200,200,0.0,0.0,0.0,0.0,1.1437011545011773,23.116519132999237,0.14966338600206655,24.40988367350248,0.0,0.0,0.0,0.0
S2_N50_V2,new_ID_independent_test,GAM,200,200,0.0,0.0,0.0,0.0,0.021884975999128073,0.6805481779994443,1.0637482444994384,1.7661813984980108,0.0,0.0,0.0,0.0
S2_N50_V2,new_ID_independent_test,GPR,200,200,0.0,0.995,0.0,0.0,1.6536299724958372,3.5054642389924267,0.7693506370135583,5.928444848501822,11.585,0.0,0.0,0.0
S2_N50_V2,new_ID_independent_test,LMM,200,200,0.0,0.97,0.835,0.0,0.48552121899789197,1.1369993444532156e-06,0.7555590595083777,1.2410814155056142,0.0,0.0,0.0,0.0
S2_N50_V2,new_ID_independent_test,MERF,200,200,0.0,0.0,0.0,0.0,14.2085708539997,280.34225466699803,5.860225359998876,300.41105088099664,0.0,14.775,0.76,0.0
S2_N50_V2,new_ID_independent_test,Mean,200,200,0.0,0.0,0.0,0.0,2.990050124935806e-05,1.0369997471570969e-06,0.058029228995437734,0.05806016649643425,0.0,0.0,0.0,0.0
S2_N50_V2,new_ID_independent_test,RF,200,200,0.0,0.0,0.0,0.0,1.1460447684983956,23.129433435998507,7.276056986505864,31.551535191002767,0.0,0.0,0.0,0.0
S3,known_ID_last_visit_current_X,GAM,200,200,0.0,0.0,0.0,0.0,0.021718764497782105,0.6431410229974426,0.03418073450215161,0.6990405219973763,0.0,0.0,0.0,0.0
S3,known_ID_last_visit_current_X,GPR,200,200,0.0,0.995,0.0,0.0,3.546852872497402,10.26238874850038,0.032150918999686834,13.841392539997468,10.215,0.0,0.0,0.0
S3,known_ID_last_visit_current_X,LMM,200,200,0.0,1.0,0.88,0.0,0.565886640502722,1.1630001245066523e-06,0.05799261499894783,0.6238804185017943,0.0,0.0,0.0,0.005
S3,known_ID_last_visit_current_X,MERF,200,200,0.0,0.0,0.0,0.0,12.385990670003812,248.20879852400046,0.16263269749528264,260.7574218914995,0.0,11.26,0.945,0.0
S3,known_ID_last_visit_current_X,Mean,200,200,0.0,0.0,0.0,0.0,3.697749809361994e-05,1.3674964429810643e-06,0.02665493450302165,0.026693279497558252,0.0,0.0,0.0,0.0
S3,known_ID_last_visit_current_X,RF,200,200,0.0,0.0,0.0,0.0,1.3112601294991328,26.62519097500306,0.20319985500362236,28.139650959505815,0.0,0.0,0.0,0.0
S3,new_ID_independent_test,GAM,200,200,0.0,0.0,0.0,0.0,0.02249132349679712,0.7053874150005868,1.3418867850053358,2.0697655235027197,0.0,0.0,0.0,0.0
S3,new_ID_independent_test,GPR,200,200,0.0,1.0,0.0,0.0,5.533033673005411,16.381358949497226,1.581594222500571,23.49598684500321,9.69,0.0,0.0,0.0
S3,new_ID_independent_test,LMM,200,200,0.0,1.0,0.86,0.0,0.5108384840027429,1.0924978414550424e-06,0.8927023704932071,1.4035419469937915,0.0,0.0,0.0,0.005
S3,new_ID_independent_test,MERF,200,200,0.0,0.0,0.0,0.0,12.132763486996991,210.35889389149494,8.26018762750784,230.7518450059998,0.0,10.86,0.975,0.0
S3,new_ID_independent_test,Mean,200,200,0.0,0.0,0.0,0.0,4.287249932531268e-05,1.1000013910233975e-06,0.08112360949860886,0.0811675819993252,0.0,0.0,0.0,0.0
S3,new_ID_independent_test,RF,200,200,0.0,0.0,0.0,0.0,1.3331254759978037,26.677384742995493,10.922695176504202,38.933205395497495,0.0,0.0,0.0,0.0
S4,known_ID_last_visit_current_X,GAM,200,200,0.0,0.0,0.0,0.0,0.021757309501408598,0.6351136674970621,0.0338337620079983,0.690704739006469,0.0,0.0,0.0,0.0
S4,known_ID_last_visit_current_X,GPR,200,200,0.0,1.0,0.0,0.0,2.9168372440047095,9.835639534001821,0.030318615988944655,12.782795393995475,9.735,0.0,0.0,0.0
S4,known_ID_last_visit_current_X,LMM,200,200,0.0,1.0,0.92,0.0,0.6026735545019619,1.436000457033515e-06,0.050767923492821866,0.6534429139952408,0.0,0.0,0.0,0.0
S4,known_ID_last_visit_current_X,MERF,200,200,0.0,0.0,0.0,0.0,11.284089292502612,254.60868979550025,0.16363692249637096,266.0564160104992,0.0,10.305,0.95,0.0
S4,known_ID_last_visit_current_X,Mean,200,200,0.0,0.0,0.0,0.0,3.682349633891135e-05,1.0630016913637519e-06,0.025160382006433793,0.025198268504464067,0.0,0.0,0.0,0.0
S4,known_ID_last_visit_current_X,RF,200,200,0.0,0.0,0.0,0.0,1.2936209335009334,26.16967021949473,0.20275719750323332,27.666048350498894,0.0,0.0,0.0,0.0
S4,new_ID_independent_test,GAM,200,200,0.0,0.0,0.0,0.0,0.022574699001270345,0.6564815084962174,2.0444018895039333,2.723458097001421,0.0,0.0,0.0,0.0
S4,new_ID_independent_test,GPR,200,200,0.0,1.0,0.0,0.0,4.866146870497032,14.563921494503155,2.296416941495845,21.726485306496034,9.265,0.0,0.0,0.0
S4,new_ID_independent_test,LMM,200,200,0.0,1.0,0.8,0.0,0.5268235220079077,1.1530006304383279e-06,1.2752424649929162,1.8020671400014543,0.0,0.0,0.0,0.0
S4,new_ID_independent_test,MERF,200,200,0.0,0.0,0.0,0.0,10.833410882498137,202.43152895050588,13.553972338996246,226.81891217200027,0.0,9.875,0.995,0.0
S4,new_ID_independent_test,Mean,200,200,0.0,0.0,0.0,0.0,3.56594956247136e-05,1.0764977196231484e-06,0.1712140860047657,0.17125082199811004,0.0,0.0,0.0,0.0
S4,new_ID_independent_test,RF,200,200,0.0,0.0,0.0,0.0,1.3032673975027864,26.352760262501544,18.12691756549233,45.78294522549666,0.0,0.0,0.0,0.0
S6,known_ID_last_visit_current_X,GAM,200,200,0.0,0.0,0.0,0.0,0.02713429049705155,0.7576452440040885,0.04071164899040013,0.8254911834915402,0.0,0.0,0.0,0.0
S6,known_ID_last_visit_current_X,GPR,200,200,0.0,0.995,0.0,0.0,4.249509489999037,12.417726972499514,0.03701138100237586,16.704247843500927,10.785,0.0,0.0,0.0
S6,known_ID_last_visit_current_X,LMM,200,200,0.0,0.655,0.56,0.0,0.4409318469959544,1.3279990525916218e-06,0.06781809299951419,0.5087512679945212,0.0,0.0,0.0,0.0
S6,known_ID_last_visit_current_X,MERF,200,200,0.0,0.0,0.0,0.0,12.689522738001543,210.9115530865005,0.18486680350033566,223.78594262800237,0.0,9.91,0.995,0.0
S6,known_ID_last_visit_current_X,Mean,200,200,0.0,0.0,0.0,0.0,3.713949758093804e-05,1.1529994662851096e-06,0.03197904000699055,0.032017332504037765,0.0,0.0,0.0,0.0
S6,known_ID_last_visit_current_X,RF,200,200,0.0,0.0,0.0,0.0,1.509846738500055,30.460714584000524,0.2255461315024877,32.19610745400307,0.0,0.0,0.0,0.0
S6,new_ID_independent_test,GAM,200,200,0.0,0.0,0.0,0.0,0.03063266000011936,0.896058640992851,1.6722517620015425,2.598943062994513,0.0,0.0,0.0,0.0
S6,new_ID_independent_test,GPR,200,200,0.0,1.0,0.0,0.0,7.163895954500767,20.731732602996054,1.8268804830068257,29.722509040503645,9.525,0.0,0.0,0.0
S6,new_ID_independent_test,LMM,200,200,0.0,0.64,0.545,0.0,0.4515558974974556,1.1724972864612936e-06,0.9826439825032139,1.434201052497956,0.0,0.0,0.0,0.0
S6,new_ID_independent_test,MERF,200,200,0.0,0.0,0.0,0.0,11.95003285950108,205.0794367630023,9.062252358497936,226.0917219810013,0.0,9.73,0.99,0.0
S6,new_ID_independent_test,Mean,200,200,0.0,0.0,0.0,0.0,4.692749760579318e-05,1.3149995356798172e-06,0.10103286999976263,0.1010811124969041,0.0,0.0,0.0,0.0
S6,new_ID_independent_test,RF,200,200,0.0,0.0,0.0,0.0,1.5035784359992248,30.053991486498273,12.13762698400009,43.695196906497586,0.0,0.0,0.0,0.0
S9,known_ID_last_visit_current_X,GAM,300,300,0.0,0.0,0.0,0.0,0.029945415998226962,0.8637373326639014,0.04618927900318037,0.9398720276653088,0.0,0.0,0.0,0.0
S9,known_ID_last_visit_current_X,GPR,300,300,0.0,1.0,0.0,0.0,6.879924843332532,18.386051406660407,0.04127057867493325,25.30724682866787,20.573333333333334,0.0,0.0,0.0
S9,known_ID_last_visit_current_X,LMM,300,300,0.0,0.9966666666666667,0.8466666666666667,0.0,0.754400989671752,1.6353338772508626e-06,0.07470548033217105,0.8291081053378002,0.0,0.0,0.0,0.0
S9,known_ID_last_visit_current_X,MERF,300,300,0.0,0.0,0.0,0.0,18.80389126333335,376.57855941200137,0.2032769016688447,395.5857275770036,0.0,14.87,0.7733333333333333,0.0
S9,known_ID_last_visit_current_X,Mean,300,300,0.0,0.0,0.0,0.0,4.55566645541694e-05,1.2999988878921916e-06,0.0326933313356858,0.03274018799912786,0.0,0.0,0.0,0.0
S9,known_ID_last_visit_current_X,RF,300,300,0.0,0.0,0.0,0.0,1.553490873662425,31.92771443733565,0.27192088433184836,33.75312619532992,0.0,0.0,0.0,0.0
S9,new_ID_independent_test,GAM,300,300,0.0,0.0,0.0,0.0,0.03344855533405886,0.9830789626699941,1.960937736997706,2.977465255001759,0.0,0.0,0.0,0.0
S9,new_ID_independent_test,GPR,300,300,0.0,0.9966666666666667,0.0,0.0,12.983404170667127,33.31227661933146,2.1966666870013434,48.49234747699993,18.6,0.0,0.0,0.0
S9,new_ID_independent_test,LMM,300,300,0.0,1.0,0.84,0.0,0.8148929880045519,1.2716665029680977e-06,1.1416368653291527,1.9565311250002075,0.0,0.0,0.0,0.0
S9,new_ID_independent_test,MERF,300,300,0.0,0.0,0.0,0.0,16.11173004033648,343.38609108966324,10.797544335665492,370.2953654656652,0.0,12.316666666666666,0.8766666666666667,0.0
S9,new_ID_independent_test,Mean,300,300,0.0,0.0,0.0,0.0,4.0253339199504506e-05,1.5963311792196085e-06,0.12479588466291412,0.12483773433329286,0.0,0.0,0.0,0.0
S9,new_ID_independent_test,RF,300,300,0.0,0.0,0.0,0.0,1.552629980667892,32.62154826966199,15.584062098336945,49.75824034866683,0.0,0.0,0.0,0.0
