Scenario,Scorecard,Metric,Reference_model,Model,Paired_difference_mean,CI_low,CI_high,Equivalence_margin,Difference_scale,Conclusion,N_paired,Task
F1,function_recovery,Standardized_IRMSE,MERF,GAM,0.22355823722485413,0.19009233945203777,0.2570241349976705,0.05,relative,clearly_worse,275,
F1,function_recovery,Standardized_IRMSE,MERF,GPR,0.19543075406028995,0.15237795138983135,0.23848355673074856,0.05,relative,clearly_worse,275,
F1,function_recovery,Standardized_IRMSE,MERF,LMM,0.33979735034937697,0.2916955626998169,0.38789913799893705,0.05,relative,clearly_worse,275,
F1,function_recovery,Standardized_IRMSE,MERF,MERF,0.0,0.0,0.0,0.05,relative,reference_leader,275,
F1,function_recovery,Standardized_IRMSE,MERF,Mean,1.1426649097166293,1.082031759215502,1.2032980602177565,0.05,relative,clearly_worse,275,
F1,function_recovery,Standardized_IRMSE,MERF,RF,0.04905567970543885,0.029488014030612405,0.0686233453802653,0.05,relative,uncertain,275,
F2,function_recovery,Standardized_IRMSE,MERF,GAM,0.24252611903471316,0.2095731028177184,0.2754791352517079,0.05,relative,clearly_worse,275,
F2,function_recovery,Standardized_IRMSE,MERF,GPR,0.09332408273070672,0.04106463064901276,0.1455835348124007,0.05,relative,uncertain,275,
F2,function_recovery,Standardized_IRMSE,MERF,LMM,0.6198327203070745,0.511182953059916,0.728482487554233,0.05,relative,clearly_worse,275,
F2,function_recovery,Standardized_IRMSE,MERF,MERF,0.0,0.0,0.0,0.05,relative,reference_leader,275,
F2,function_recovery,Standardized_IRMSE,MERF,Mean,0.7250494625578559,0.6646261691679017,0.78547275594781,0.05,relative,clearly_worse,275,
F2,function_recovery,Standardized_IRMSE,MERF,RF,0.047130420028687996,0.028097941763244726,0.06616289829413127,0.05,relative,uncertain,275,
F3,function_recovery,Standardized_IRMSE,MERF,GAM,0.05838714453015076,0.037358827434839675,0.07941546162546184,0.05,relative,uncertain,300,
F3,function_recovery,Standardized_IRMSE,MERF,GPR,0.13493141351294435,0.09662669499653419,0.1732361320293545,0.05,relative,clearly_worse,300,
F3,function_recovery,Standardized_IRMSE,MERF,LMM,0.13924676948446493,0.10367480260608575,0.17481873636284412,0.05,relative,clearly_worse,300,
F3,function_recovery,Standardized_IRMSE,MERF,MERF,0.0,0.0,0.0,0.05,relative,reference_leader,300,
F3,function_recovery,Standardized_IRMSE,MERF,Mean,0.6451088863973198,0.6060647230908754,0.6841530497037641,0.05,relative,clearly_worse,300,
F3,function_recovery,Standardized_IRMSE,MERF,RF,0.025744198656851628,0.01046140539028727,0.04102699192341599,0.05,relative,practically_equivalent,300,
S1,function_recovery,Standardized_IRMSE,LMM,GAM,22.849949340806525,11.589791344541831,34.11010733707122,0.05,relative,clearly_worse,200,
S1,function_recovery,Standardized_IRMSE,LMM,GPR,14.33229684419784,3.494595733919878,25.169997954475804,0.05,relative,clearly_worse,200,
S1,function_recovery,Standardized_IRMSE,LMM,LMM,0.0,0.0,0.0,0.05,relative,reference_leader,200,
S1,function_recovery,Standardized_IRMSE,LMM,MERF,23.556250120815218,7.119372883452094,39.99312735817834,0.05,relative,clearly_worse,200,
S1,function_recovery,Standardized_IRMSE,LMM,Mean,56.69921765819803,17.45377246930427,95.94466284709179,0.05,relative,clearly_worse,200,
S1,function_recovery,Standardized_IRMSE,LMM,RF,23.47376074427184,7.3782508212187,39.56927066732498,0.05,relative,clearly_worse,200,
S2,function_recovery,Standardized_IRMSE,GPR,GAM,0.7878139696106881,0.6735438213799663,0.9020841178414098,0.05,relative,clearly_worse,200,
S2,function_recovery,Standardized_IRMSE,GPR,GPR,0.0,0.0,0.0,0.05,relative,reference_leader,200,
S2,function_recovery,Standardized_IRMSE,GPR,LMM,1.1008778443776637,0.9521200220728063,1.249635666682521,0.05,relative,clearly_worse,200,
S2,function_recovery,Standardized_IRMSE,GPR,MERF,0.20098885240725628,0.12663458953498197,0.2753431152795306,0.05,relative,clearly_worse,200,
S2,function_recovery,Standardized_IRMSE,GPR,Mean,2.9291089847401555,2.664065270150907,3.194152699329404,0.05,relative,clearly_worse,200,
S2,function_recovery,Standardized_IRMSE,GPR,RF,0.1940127097951735,0.12503121050022137,0.2629942090901256,0.05,relative,clearly_worse,200,
S2_N100_V2,function_recovery,Standardized_IRMSE,GPR,GAM,0.8671397010736919,0.7608046704097505,0.9734747317376332,0.05,relative,clearly_worse,200,
S2_N100_V2,function_recovery,Standardized_IRMSE,GPR,GPR,0.0,0.0,0.0,0.05,relative,reference_leader,200,
S2_N100_V2,function_recovery,Standardized_IRMSE,GPR,LMM,1.2700252911081165,1.125890801328431,1.414159780887802,0.05,relative,clearly_worse,200,
S2_N100_V2,function_recovery,Standardized_IRMSE,GPR,MERF,0.3120222467207751,0.23572884166409758,0.38831565177745264,0.05,relative,clearly_worse,200,
S2_N100_V2,function_recovery,Standardized_IRMSE,GPR,Mean,3.1545702615597055,2.8966631195330725,3.4124774035863386,0.05,relative,clearly_worse,200,
S2_N100_V2,function_recovery,Standardized_IRMSE,GPR,RF,0.25668293142148907,0.1832772668517006,0.33008859599127754,0.05,relative,clearly_worse,200,
S2_N100_V4,function_recovery,Standardized_IRMSE,GPR,GAM,0.8181072761547895,0.647183144425126,0.989031407884453,0.05,relative,clearly_worse,200,
S2_N100_V4,function_recovery,Standardized_IRMSE,GPR,GPR,0.0,0.0,0.0,0.05,relative,reference_leader,200,
S2_N100_V4,function_recovery,Standardized_IRMSE,GPR,LMM,1.7614668697022995,1.4668555742861837,2.0560781651184152,0.05,relative,clearly_worse,200,
S2_N100_V4,function_recovery,Standardized_IRMSE,GPR,MERF,0.3382599140968282,0.21882100750728845,0.45769882068636797,0.05,relative,clearly_worse,200,
S2_N100_V4,function_recovery,Standardized_IRMSE,GPR,Mean,4.317825695171415,3.7758527880377373,4.8597986023050925,0.05,relative,clearly_worse,200,
S2_N100_V4,function_recovery,Standardized_IRMSE,GPR,RF,0.33931602688128315,0.21582626056705487,0.4628057931955114,0.05,relative,clearly_worse,200,
S2_N25_V2,function_recovery,Standardized_IRMSE,RF,GAM,0.34281197649017847,0.28920248295389206,0.3964214700264649,0.05,relative,clearly_worse,200,
S2_N25_V2,function_recovery,Standardized_IRMSE,RF,GPR,0.09686946679485581,0.027498996836509235,0.16623993675320237,0.05,relative,uncertain,200,
S2_N25_V2,function_recovery,Standardized_IRMSE,RF,LMM,0.25478218557420024,0.18615559085880823,0.32340878028959225,0.05,relative,clearly_worse,200,
S2_N25_V2,function_recovery,Standardized_IRMSE,RF,MERF,0.024926683054550966,0.0032960461823806388,0.0465573199267213,0.05,relative,practically_equivalent,200,
S2_N25_V2,function_recovery,Standardized_IRMSE,RF,Mean,0.9720335780048163,0.8860804957802733,1.0579866602293593,0.05,relative,clearly_worse,200,
S2_N25_V2,function_recovery,Standardized_IRMSE,RF,RF,0.0,0.0,0.0,0.05,relative,reference_leader,200,
S2_N25_V4,function_recovery,Standardized_IRMSE,GPR,GAM,0.7106110760484325,0.6205781722883696,0.8006439798084954,0.05,relative,clearly_worse,200,
S2_N25_V4,function_recovery,Standardized_IRMSE,GPR,GPR,0.0,0.0,0.0,0.05,relative,reference_leader,200,
S2_N25_V4,function_recovery,Standardized_IRMSE,GPR,LMM,0.6432948166892303,0.5438512252012871,0.7427384081771734,0.05,relative,clearly_worse,200,
S2_N25_V4,function_recovery,Standardized_IRMSE,GPR,MERF,0.16383881687736843,0.10115495582750496,0.2265226779272319,0.05,relative,clearly_worse,200,
S2_N25_V4,function_recovery,Standardized_IRMSE,GPR,Mean,1.9290466495937677,1.7599956903628806,2.098097608824655,0.05,relative,clearly_worse,200,
S2_N25_V4,function_recovery,Standardized_IRMSE,GPR,RF,0.17290445710601632,0.1108822508784526,0.23492666333358003,0.05,relative,clearly_worse,200,
S2_N50_V2,function_recovery,Standardized_IRMSE,GPR,GAM,0.8519074351854649,0.7320052309219682,0.9718096394489615,0.05,relative,clearly_worse,200,
S2_N50_V2,function_recovery,Standardized_IRMSE,GPR,GPR,0.0,0.0,0.0,0.05,relative,reference_leader,200,
S2_N50_V2,function_recovery,Standardized_IRMSE,GPR,LMM,0.8206656886375705,0.7011701103931175,0.9401612668820235,0.05,relative,clearly_worse,200,
S2_N50_V2,function_recovery,Standardized_IRMSE,GPR,MERF,0.21754909512822784,0.1464415701251801,0.2886566201312756,0.05,relative,clearly_worse,200,
S2_N50_V2,function_recovery,Standardized_IRMSE,GPR,Mean,2.1678090117922086,1.9628073307026386,2.3728106928817785,0.05,relative,clearly_worse,200,
S2_N50_V2,function_recovery,Standardized_IRMSE,GPR,RF,0.18761352885538785,0.11980913419441819,0.2554179235163575,0.05,relative,clearly_worse,200,
S3,function_recovery,Standardized_IRMSE,GPR,GAM,0.4842950266027972,0.3685409834539288,0.6000490697516656,0.05,relative,clearly_worse,200,
S3,function_recovery,Standardized_IRMSE,GPR,GPR,0.0,0.0,0.0,0.05,relative,reference_leader,200,
S3,function_recovery,Standardized_IRMSE,GPR,LMM,0.5439335808996705,0.4089108108665658,0.6789563509327752,0.05,relative,clearly_worse,200,
S3,function_recovery,Standardized_IRMSE,GPR,MERF,0.4664513192179559,0.3494348311276499,0.583467807308262,0.05,relative,clearly_worse,200,
S3,function_recovery,Standardized_IRMSE,GPR,Mean,1.9598873165046655,1.6869309802464798,2.2328436527628512,0.05,relative,clearly_worse,200,
S3,function_recovery,Standardized_IRMSE,GPR,RF,0.4231112988708115,0.31602167772437706,0.530200920017246,0.05,relative,clearly_worse,200,
S4,function_recovery,Standardized_IRMSE,GPR,GAM,0.7778456281696282,0.6672468056372525,0.888444450702004,0.05,relative,clearly_worse,200,
S4,function_recovery,Standardized_IRMSE,GPR,GPR,0.0,0.0,0.0,0.05,relative,reference_leader,200,
S4,function_recovery,Standardized_IRMSE,GPR,LMM,0.5668649793391397,0.4590531270450759,0.6746768316332036,0.05,relative,clearly_worse,200,
S4,function_recovery,Standardized_IRMSE,GPR,MERF,0.5441090960492845,0.45694920760981084,0.6312689844887581,0.05,relative,clearly_worse,200,
S4,function_recovery,Standardized_IRMSE,GPR,Mean,2.776493932645459,2.5358665838357908,3.017121281455127,0.05,relative,clearly_worse,200,
S4,function_recovery,Standardized_IRMSE,GPR,RF,0.49406713376036593,0.4129767314692747,0.5751575360514571,0.05,relative,clearly_worse,200,
S6,function_recovery,Standardized_IRMSE,MERF,GAM,0.5633696020580088,0.5122665587170468,0.6144726453989707,0.05,relative,clearly_worse,200,
S6,function_recovery,Standardized_IRMSE,MERF,GPR,0.20401820175038204,0.14341764677986973,0.26461875672089435,0.05,relative,clearly_worse,200,
S6,function_recovery,Standardized_IRMSE,MERF,LMM,0.637126303307456,0.5766776674129915,0.6975749392019205,0.05,relative,clearly_worse,200,
S6,function_recovery,Standardized_IRMSE,MERF,MERF,0.0,0.0,0.0,0.05,relative,reference_leader,200,
S6,function_recovery,Standardized_IRMSE,MERF,Mean,2.0700309176570117,1.9676493243732724,2.172412510940751,0.05,relative,clearly_worse,200,
S6,function_recovery,Standardized_IRMSE,MERF,RF,0.13156963214429024,0.09509827231221502,0.16804099197636546,0.05,relative,clearly_worse,200,
S9,function_recovery,Standardized_IRMSE,LMM,GAM,0.19254670526404202,0.16956667769602976,0.21552673283205429,0.05,relative,clearly_worse,300,
S9,function_recovery,Standardized_IRMSE,LMM,GPR,0.08966727199770785,0.058920102638444105,0.1204144413569716,0.05,relative,clearly_worse,300,
S9,function_recovery,Standardized_IRMSE,LMM,LMM,0.0,0.0,0.0,0.05,relative,reference_leader,300,
S9,function_recovery,Standardized_IRMSE,LMM,MERF,0.147843528487951,0.12762332971232204,0.16806372726357993,0.05,relative,clearly_worse,300,
S9,function_recovery,Standardized_IRMSE,LMM,Mean,0.5044219882410346,0.47439678303067195,0.5344471934513972,0.05,relative,clearly_worse,300,
S9,function_recovery,Standardized_IRMSE,LMM,RF,0.1451817585791721,0.12492188477945693,0.16544163237888726,0.05,relative,clearly_worse,300,
F1,feature_recovery,Average_precision,GAM,GAM,0.0,0.0,0.0,0.05,absolute,reference_leader,275,
F1,feature_recovery,Average_precision,GAM,GPR,-0.189639713821532,-0.21133680074907113,-0.16794262689399286,0.05,absolute,clearly_worse,275,
F1,feature_recovery,Average_precision,GAM,LMM,-0.06264394191666918,-0.07948218799536347,-0.04580569583797489,0.05,absolute,uncertain,275,
F1,feature_recovery,Average_precision,GAM,MERF,-0.007250951069132887,-0.016796115389516378,0.002294213251250605,0.05,absolute,practically_equivalent,275,
F1,feature_recovery,Average_precision,GAM,RF,-0.008223271677817133,-0.016337837860830907,-0.00010870549480336035,0.05,absolute,practically_equivalent,275,
F2,feature_recovery,Average_precision,RF,GAM,-0.03575757575757575,-0.06342046147395866,-0.008094690041192846,0.05,absolute,uncertain,275,
F2,feature_recovery,Average_precision,RF,GPR,-0.21208320971957334,-0.26025750866272657,-0.1639089107764201,0.05,absolute,clearly_worse,275,
F2,feature_recovery,Average_precision,RF,LMM,-0.12827956891593253,-0.16807751965968673,-0.08848161817217834,0.05,absolute,clearly_worse,275,
F2,feature_recovery,Average_precision,RF,MERF,-0.007878787878787877,-0.02957501396918409,0.013817438211608336,0.05,absolute,practically_equivalent,275,
F2,feature_recovery,Average_precision,RF,RF,0.0,0.0,0.0,0.05,absolute,reference_leader,275,
F3,feature_recovery,Average_precision,GAM,GAM,0.0,0.0,0.0,0.05,absolute,reference_leader,300,
F3,feature_recovery,Average_precision,GAM,GPR,-0.20859774947274948,-0.23700447602918984,-0.18019102291630912,0.05,absolute,clearly_worse,300,
F3,feature_recovery,Average_precision,GAM,LMM,-0.1384542032042032,-0.16174748268992392,-0.11516092371848248,0.05,absolute,clearly_worse,300,
F3,feature_recovery,Average_precision,GAM,MERF,-0.03171031746031747,-0.04527253298362479,-0.018148101937010157,0.05,absolute,practically_equivalent,300,
F3,feature_recovery,Average_precision,GAM,RF,-0.03633697783697785,-0.04993492121152538,-0.022739034462430315,0.05,absolute,practically_equivalent,300,
S1,feature_recovery,Average_precision,GAM,GAM,0.0,0.0,0.0,0.05,absolute,reference_leader,200,
S1,feature_recovery,Average_precision,GAM,GPR,0.0,0.0,0.0,0.05,absolute,practically_equivalent,200,
S1,feature_recovery,Average_precision,GAM,LMM,0.0,0.0,0.0,0.05,absolute,practically_equivalent,200,
S1,feature_recovery,Average_precision,GAM,MERF,0.0,0.0,0.0,0.05,absolute,practically_equivalent,200,
S1,feature_recovery,Average_precision,GAM,RF,0.0,0.0,0.0,0.05,absolute,practically_equivalent,200,
S2,feature_recovery,Average_precision,GAM,GAM,0.0,0.0,0.0,0.05,absolute,reference_leader,200,
S2,feature_recovery,Average_precision,GAM,GPR,0.0,0.0,0.0,0.05,absolute,practically_equivalent,200,
S2,feature_recovery,Average_precision,GAM,LMM,0.0,0.0,0.0,0.05,absolute,practically_equivalent,200,
S2,feature_recovery,Average_precision,GAM,MERF,0.0,0.0,0.0,0.05,absolute,practically_equivalent,200,
S2,feature_recovery,Average_precision,GAM,RF,0.0,0.0,0.0,0.05,absolute,practically_equivalent,200,
S2_N100_V2,feature_recovery,Average_precision,GAM,GAM,0.0,0.0,0.0,0.05,absolute,reference_leader,200,
S2_N100_V2,feature_recovery,Average_precision,GAM,GPR,0.0,0.0,0.0,0.05,absolute,practically_equivalent,200,
S2_N100_V2,feature_recovery,Average_precision,GAM,LMM,0.0,0.0,0.0,0.05,absolute,practically_equivalent,200,
S2_N100_V2,feature_recovery,Average_precision,GAM,MERF,0.0,0.0,0.0,0.05,absolute,practically_equivalent,200,
S2_N100_V2,feature_recovery,Average_precision,GAM,RF,0.0,0.0,0.0,0.05,absolute,practically_equivalent,200,
S2_N100_V4,feature_recovery,Average_precision,GAM,GAM,0.0,0.0,0.0,0.05,absolute,reference_leader,200,
S2_N100_V4,feature_recovery,Average_precision,GAM,GPR,0.0,0.0,0.0,0.05,absolute,practically_equivalent,200,
S2_N100_V4,feature_recovery,Average_precision,GAM,LMM,0.0,0.0,0.0,0.05,absolute,practically_equivalent,200,
S2_N100_V4,feature_recovery,Average_precision,GAM,MERF,0.0,0.0,0.0,0.05,absolute,practically_equivalent,200,
S2_N100_V4,feature_recovery,Average_precision,GAM,RF,0.0,0.0,0.0,0.05,absolute,practically_equivalent,200,
S2_N25_V2,feature_recovery,Average_precision,GAM,GAM,0.0,0.0,0.0,0.05,absolute,reference_leader,200,
S2_N25_V2,feature_recovery,Average_precision,GAM,GPR,-0.10093452380952382,-0.13545838401507532,-0.06641066360397233,0.05,absolute,clearly_worse,200,
S2_N25_V2,feature_recovery,Average_precision,GAM,LMM,-0.06588257575757576,-0.09761289288729062,-0.03415225862786091,0.05,absolute,uncertain,200,
S2_N25_V2,feature_recovery,Average_precision,GAM,MERF,0.0,0.0,0.0,0.05,absolute,practically_equivalent,200,
S2_N25_V2,feature_recovery,Average_precision,GAM,RF,0.0,0.0,0.0,0.05,absolute,practically_equivalent,200,
S2_N25_V4,feature_recovery,Average_precision,GAM,GAM,0.0,0.0,0.0,0.05,absolute,reference_leader,200,
S2_N25_V4,feature_recovery,Average_precision,GAM,GPR,0.0,0.0,0.0,0.05,absolute,practically_equivalent,200,
S2_N25_V4,feature_recovery,Average_precision,GAM,LMM,0.0,0.0,0.0,0.05,absolute,practically_equivalent,200,
S2_N25_V4,feature_recovery,Average_precision,GAM,MERF,0.0,0.0,0.0,0.05,absolute,practically_equivalent,200,
S2_N25_V4,feature_recovery,Average_precision,GAM,RF,0.0,0.0,0.0,0.05,absolute,practically_equivalent,200,
S2_N50_V2,feature_recovery,Average_precision,GAM,GAM,0.0,0.0,0.0,0.05,absolute,reference_leader,200,
S2_N50_V2,feature_recovery,Average_precision,GAM,GPR,-0.012194444444444445,-0.025958984175157823,0.0015700952862689344,0.05,absolute,practically_equivalent,200,
S2_N50_V2,feature_recovery,Average_precision,GAM,LMM,0.0,0.0,0.0,0.05,absolute,practically_equivalent,200,
S2_N50_V2,feature_recovery,Average_precision,GAM,MERF,0.0,0.0,0.0,0.05,absolute,practically_equivalent,200,
S2_N50_V2,feature_recovery,Average_precision,GAM,RF,0.0,0.0,0.0,0.05,absolute,practically_equivalent,200,
S3,feature_recovery,Average_precision,GAM,GAM,0.0,0.0,0.0,0.05,absolute,reference_leader,200,
S3,feature_recovery,Average_precision,GAM,GPR,0.0,0.0,0.0,0.05,absolute,practically_equivalent,200,
S3,feature_recovery,Average_precision,GAM,LMM,0.0,0.0,0.0,0.05,absolute,practically_equivalent,200,
S3,feature_recovery,Average_precision,GAM,MERF,0.0,0.0,0.0,0.05,absolute,practically_equivalent,200,
S3,feature_recovery,Average_precision,GAM,RF,0.0,0.0,0.0,0.05,absolute,practically_equivalent,200,
S4,feature_recovery,Average_precision,GAM,GAM,0.0,0.0,0.0,0.05,absolute,reference_leader,200,
S4,feature_recovery,Average_precision,GAM,GPR,-0.00125,-0.0037,0.0012000000000000003,0.05,absolute,practically_equivalent,200,
S4,feature_recovery,Average_precision,GAM,LMM,0.0,0.0,0.0,0.05,absolute,practically_equivalent,200,
S4,feature_recovery,Average_precision,GAM,MERF,0.0,0.0,0.0,0.05,absolute,practically_equivalent,200,
S4,feature_recovery,Average_precision,GAM,RF,0.0,0.0,0.0,0.05,absolute,practically_equivalent,200,
S6,feature_recovery,Average_precision,GAM,GAM,0.0,0.0,0.0,0.05,absolute,reference_leader,200,
S6,feature_recovery,Average_precision,GAM,GPR,0.0,0.0,0.0,0.05,absolute,practically_equivalent,200,
S6,feature_recovery,Average_precision,GAM,LMM,0.0,0.0,0.0,0.05,absolute,practically_equivalent,200,
S6,feature_recovery,Average_precision,GAM,MERF,0.0,0.0,0.0,0.05,absolute,practically_equivalent,200,
S6,feature_recovery,Average_precision,GAM,RF,0.0,0.0,0.0,0.05,absolute,practically_equivalent,200,
S9,feature_recovery,Average_precision,GAM,GAM,0.0,0.0,0.0,0.05,absolute,reference_leader,300,
S9,feature_recovery,Average_precision,GAM,GPR,-0.1363847263847264,-0.16705029190194656,-0.10571916086750624,0.05,absolute,clearly_worse,300,
S9,feature_recovery,Average_precision,GAM,LMM,-0.0740535668035668,-0.09644354082037719,-0.051663592786756404,0.05,absolute,clearly_worse,300,
S9,feature_recovery,Average_precision,GAM,MERF,-0.06,-0.07854588946648447,-0.041454110533515526,0.05,absolute,uncertain,300,
S9,feature_recovery,Average_precision,GAM,RF,-0.03833333333333334,-0.055252675950272445,-0.02141399071639423,0.05,absolute,uncertain,300,
F1,new_ID_prediction,Latent_RMSE,RF,GAM,0.039098291134702326,0.023582480078159197,0.054614102191245455,0.05,relative,uncertain,275,new_ID_independent_test
F1,new_ID_prediction,Latent_RMSE,RF,GPR,0.5544448960617143,0.5312945186308882,0.5775952734925405,0.05,relative,clearly_worse,275,new_ID_independent_test
F1,new_ID_prediction,Latent_RMSE,RF,LMM,0.20215412710651956,0.18229340706168268,0.22201484715135644,0.05,relative,clearly_worse,275,new_ID_independent_test
F1,new_ID_prediction,Latent_RMSE,RF,MERF,0.11983473172988965,0.10948006771906146,0.13018939574071783,0.05,relative,clearly_worse,275,new_ID_independent_test
F1,new_ID_prediction,Latent_RMSE,RF,Mean,0.6270587284535563,0.609257403377667,0.6448600535294455,0.05,relative,clearly_worse,275,new_ID_independent_test
F1,new_ID_prediction,Latent_RMSE,RF,RF,0.0,0.0,0.0,0.05,relative,reference_leader,275,new_ID_independent_test
F2,new_ID_prediction,Latent_RMSE,RF,GAM,0.028249142620537623,0.011963506965607568,0.044534778275467674,0.05,relative,practically_equivalent,275,new_ID_independent_test
F2,new_ID_prediction,Latent_RMSE,RF,GPR,0.5760573041688537,0.5505416162730893,0.6015729920646181,0.05,relative,clearly_worse,275,new_ID_independent_test
F2,new_ID_prediction,Latent_RMSE,RF,LMM,0.24388049339885298,0.2232192450173318,0.26454174178037415,0.05,relative,clearly_worse,275,new_ID_independent_test
F2,new_ID_prediction,Latent_RMSE,RF,MERF,0.13314152202301233,0.12280704576672935,0.1434759982792953,0.05,relative,clearly_worse,275,new_ID_independent_test
F2,new_ID_prediction,Latent_RMSE,RF,Mean,0.6248663867595129,0.6074376375517334,0.6422951359672924,0.05,relative,clearly_worse,275,new_ID_independent_test
F2,new_ID_prediction,Latent_RMSE,RF,RF,0.0,0.0,0.0,0.05,relative,reference_leader,275,new_ID_independent_test
F3,new_ID_prediction,Latent_RMSE,RF,GAM,0.10404093579720004,0.0912682235499013,0.11681364804449879,0.05,relative,clearly_worse,300,new_ID_independent_test
F3,new_ID_prediction,Latent_RMSE,RF,GPR,0.6115760776201923,0.5917446634983187,0.6314074917420659,0.05,relative,clearly_worse,300,new_ID_independent_test
F3,new_ID_prediction,Latent_RMSE,RF,LMM,0.39935032495846184,0.38082917031443225,0.41787147960249144,0.05,relative,clearly_worse,300,new_ID_independent_test
F3,new_ID_prediction,Latent_RMSE,RF,MERF,0.09537854679344271,0.08846134775903867,0.10229574582784674,0.05,relative,clearly_worse,300,new_ID_independent_test
F3,new_ID_prediction,Latent_RMSE,RF,Mean,0.5465550400275443,0.5338060945772781,0.5593039854778105,0.05,relative,clearly_worse,300,new_ID_independent_test
F3,new_ID_prediction,Latent_RMSE,RF,RF,0.0,0.0,0.0,0.05,relative,reference_leader,300,new_ID_independent_test
S0,new_ID_prediction,Latent_RMSE,GAM,GAM,0.0,0.0,0.0,0.05,relative,reference_leader,200,new_ID_independent_test
S0,new_ID_prediction,Latent_RMSE,GAM,GPR,0.7643179547930992,0.71459363544381,0.8140422741423883,0.05,relative,clearly_worse,200,new_ID_independent_test
S0,new_ID_prediction,Latent_RMSE,GAM,LMM,0.21632542735582866,0.1910361490148211,0.2416147056968362,0.05,relative,clearly_worse,200,new_ID_independent_test
S0,new_ID_prediction,Latent_RMSE,GAM,MERF,0.2058004718201825,0.1771328423767815,0.23446810126358347,0.05,relative,clearly_worse,200,new_ID_independent_test
S0,new_ID_prediction,Latent_RMSE,GAM,Mean,0.41562592617370797,0.37956412968518377,0.45168772266223217,0.05,relative,clearly_worse,200,new_ID_independent_test
S0,new_ID_prediction,Latent_RMSE,GAM,RF,0.058055942725998705,0.034649162085949065,0.08146272336604835,0.05,relative,uncertain,200,new_ID_independent_test
S1,new_ID_prediction,Latent_RMSE,LMM,GAM,0.27039157440051403,0.2460270219683786,0.29475612683264946,0.05,relative,clearly_worse,200,new_ID_independent_test
S1,new_ID_prediction,Latent_RMSE,LMM,GPR,0.5255599624764163,0.47185986114311795,0.5792600638097147,0.05,relative,clearly_worse,200,new_ID_independent_test
S1,new_ID_prediction,Latent_RMSE,LMM,LMM,0.0,0.0,0.0,0.05,relative,reference_leader,200,new_ID_independent_test
S1,new_ID_prediction,Latent_RMSE,LMM,MERF,0.2652045011848195,0.23448027201247135,0.2959287303571676,0.05,relative,clearly_worse,200,new_ID_independent_test
S1,new_ID_prediction,Latent_RMSE,LMM,Mean,1.341105092055044,1.2837887578127265,1.3984214262973615,0.05,relative,clearly_worse,200,new_ID_independent_test
S1,new_ID_prediction,Latent_RMSE,LMM,RF,0.14348739527322793,0.11503576025446799,0.17193903029198787,0.05,relative,clearly_worse,200,new_ID_independent_test
S2,new_ID_prediction,Latent_RMSE,RF,GAM,0.13163281632450116,0.1111824472390585,0.1520831854099438,0.05,relative,clearly_worse,200,new_ID_independent_test
S2,new_ID_prediction,Latent_RMSE,RF,GPR,0.25118157472995956,0.2194393348663347,0.2829238145935844,0.05,relative,clearly_worse,200,new_ID_independent_test
S2,new_ID_prediction,Latent_RMSE,RF,LMM,0.39850451916781965,0.3778811924724802,0.4191278458631591,0.05,relative,clearly_worse,200,new_ID_independent_test
S2,new_ID_prediction,Latent_RMSE,RF,MERF,0.08769378642323086,0.0793726127336746,0.09601496011278712,0.05,relative,clearly_worse,200,new_ID_independent_test
S2,new_ID_prediction,Latent_RMSE,RF,Mean,0.9823416868435677,0.9600966079471511,1.0045867657399843,0.05,relative,clearly_worse,200,new_ID_independent_test
S2,new_ID_prediction,Latent_RMSE,RF,RF,0.0,0.0,0.0,0.05,relative,reference_leader,200,new_ID_independent_test
S2_N100_V2,new_ID_prediction,Latent_RMSE,RF,GAM,0.04986867595570471,0.03289048251729042,0.066846869394119,0.05,relative,uncertain,200,new_ID_independent_test
S2_N100_V2,new_ID_prediction,Latent_RMSE,RF,GPR,0.1949891596832201,0.16494828911695356,0.22503003024948662,0.05,relative,clearly_worse,200,new_ID_independent_test
S2_N100_V2,new_ID_prediction,Latent_RMSE,RF,LMM,0.36147736370277683,0.3424373758897647,0.38051735151578897,0.05,relative,clearly_worse,200,new_ID_independent_test
S2_N100_V2,new_ID_prediction,Latent_RMSE,RF,MERF,0.05195035706869779,0.0453882615118887,0.05851245262550689,0.05,relative,uncertain,200,new_ID_independent_test
S2_N100_V2,new_ID_prediction,Latent_RMSE,RF,Mean,0.9988942473337376,0.977052421118403,1.020736073549072,0.05,relative,clearly_worse,200,new_ID_independent_test
S2_N100_V2,new_ID_prediction,Latent_RMSE,RF,RF,0.0,0.0,0.0,0.05,relative,reference_leader,200,new_ID_independent_test
S2_N100_V4,new_ID_prediction,Latent_RMSE,GPR,GAM,0.11320932141659051,0.07280505127035947,0.15361359156282156,0.05,relative,clearly_worse,200,new_ID_independent_test
S2_N100_V4,new_ID_prediction,Latent_RMSE,GPR,GPR,0.0,0.0,0.0,0.05,relative,reference_leader,200,new_ID_independent_test
S2_N100_V4,new_ID_prediction,Latent_RMSE,GPR,LMM,0.5164799059521766,0.46218781267878145,0.5707719992255719,0.05,relative,clearly_worse,200,new_ID_independent_test
S2_N100_V4,new_ID_prediction,Latent_RMSE,GPR,MERF,0.19926651767521306,0.15806146860856335,0.24047156674186276,0.05,relative,clearly_worse,200,new_ID_independent_test
S2_N100_V4,new_ID_prediction,Latent_RMSE,GPR,Mean,1.469997343658473,1.3808263298904317,1.5591683574265143,0.05,relative,clearly_worse,200,new_ID_independent_test
S2_N100_V4,new_ID_prediction,Latent_RMSE,GPR,RF,0.08823307684533593,0.051749952587832417,0.12471620110283946,0.05,relative,clearly_worse,200,new_ID_independent_test
S2_N25_V2,new_ID_prediction,Latent_RMSE,RF,GAM,0.1998479702494247,0.17156290755692022,0.22813303294192916,0.05,relative,clearly_worse,200,new_ID_independent_test
S2_N25_V2,new_ID_prediction,Latent_RMSE,RF,GPR,0.4590773889725262,0.42225391308997584,0.49590086485507656,0.05,relative,clearly_worse,200,new_ID_independent_test
S2_N25_V2,new_ID_prediction,Latent_RMSE,RF,LMM,0.8607708740751137,0.8019366914928662,0.9196050566573611,0.05,relative,clearly_worse,200,new_ID_independent_test
S2_N25_V2,new_ID_prediction,Latent_RMSE,RF,MERF,0.015312780397160752,0.006207065991722695,0.02441849480259881,0.05,relative,practically_equivalent,200,new_ID_independent_test
S2_N25_V2,new_ID_prediction,Latent_RMSE,RF,Mean,0.4801013524024374,0.4545570141576121,0.5056456906472627,0.05,relative,clearly_worse,200,new_ID_independent_test
S2_N25_V2,new_ID_prediction,Latent_RMSE,RF,RF,0.0,0.0,0.0,0.05,relative,reference_leader,200,new_ID_independent_test
S2_N25_V4,new_ID_prediction,Latent_RMSE,RF,GAM,0.23495487731529877,0.20848743657111257,0.26142231805948496,0.05,relative,clearly_worse,200,new_ID_independent_test
S2_N25_V4,new_ID_prediction,Latent_RMSE,RF,GPR,0.4245718297868393,0.39786518316007163,0.451278476413607,0.05,relative,clearly_worse,200,new_ID_independent_test
S2_N25_V4,new_ID_prediction,Latent_RMSE,RF,LMM,0.5553718461569219,0.5230404982608925,0.5877031940529513,0.05,relative,clearly_worse,200,new_ID_independent_test
S2_N25_V4,new_ID_prediction,Latent_RMSE,RF,MERF,0.05148002564238185,0.04116341214644313,0.061796639138320564,0.05,relative,uncertain,200,new_ID_independent_test
S2_N25_V4,new_ID_prediction,Latent_RMSE,RF,Mean,0.7023765751863056,0.6792245577119659,0.7255285926606453,0.05,relative,clearly_worse,200,new_ID_independent_test
S2_N25_V4,new_ID_prediction,Latent_RMSE,RF,RF,0.0,0.0,0.0,0.05,relative,reference_leader,200,new_ID_independent_test
S2_N50_V2,new_ID_prediction,Latent_RMSE,RF,GAM,0.15097223667213133,0.12953139548476955,0.1724130778594931,0.05,relative,clearly_worse,200,new_ID_independent_test
S2_N50_V2,new_ID_prediction,Latent_RMSE,RF,GPR,0.39018804642074917,0.3629879729001243,0.41738811994137404,0.05,relative,clearly_worse,200,new_ID_independent_test
S2_N50_V2,new_ID_prediction,Latent_RMSE,RF,LMM,0.4778033601368766,0.4508228004529271,0.504783919820826,0.05,relative,clearly_worse,200,new_ID_independent_test
S2_N50_V2,new_ID_prediction,Latent_RMSE,RF,MERF,0.035302353010694974,0.028714896662625375,0.041889809358764574,0.05,relative,practically_equivalent,200,new_ID_independent_test
S2_N50_V2,new_ID_prediction,Latent_RMSE,RF,Mean,0.7592671511458786,0.7374192868477486,0.7811150154440086,0.05,relative,clearly_worse,200,new_ID_independent_test
S2_N50_V2,new_ID_prediction,Latent_RMSE,RF,RF,0.0,0.0,0.0,0.05,relative,reference_leader,200,new_ID_independent_test
S3,new_ID_prediction,Latent_RMSE,RF,GAM,0.21778944431672076,0.19707860424724338,0.23850028438619814,0.05,relative,clearly_worse,200,new_ID_independent_test
S3,new_ID_prediction,Latent_RMSE,RF,GPR,0.3518589398891621,0.3097918209673007,0.39392605881102355,0.05,relative,clearly_worse,200,new_ID_independent_test
S3,new_ID_prediction,Latent_RMSE,RF,LMM,0.3556881058108568,0.3300988038397687,0.3812774077819449,0.05,relative,clearly_worse,200,new_ID_independent_test
S3,new_ID_prediction,Latent_RMSE,RF,MERF,0.10491903313129988,0.09358789477671828,0.11625017148588149,0.05,relative,clearly_worse,200,new_ID_independent_test
S3,new_ID_prediction,Latent_RMSE,RF,Mean,1.0602838352376345,1.0318586190956094,1.0887090513796596,0.05,relative,clearly_worse,200,new_ID_independent_test
S3,new_ID_prediction,Latent_RMSE,RF,RF,0.0,0.0,0.0,0.05,relative,reference_leader,200,new_ID_independent_test
S4,new_ID_prediction,Latent_RMSE,GPR,GAM,0.21393591496300068,0.17533117577468588,0.2525406541513155,0.05,relative,clearly_worse,200,new_ID_independent_test
S4,new_ID_prediction,Latent_RMSE,GPR,GPR,0.0,0.0,0.0,0.05,relative,reference_leader,200,new_ID_independent_test
S4,new_ID_prediction,Latent_RMSE,GPR,LMM,0.42189954950517305,0.3758323005279999,0.46796679848234624,0.05,relative,clearly_worse,200,new_ID_independent_test
S4,new_ID_prediction,Latent_RMSE,GPR,MERF,0.17495257064134045,0.13714594993469284,0.21275919134798807,0.05,relative,clearly_worse,200,new_ID_independent_test
S4,new_ID_prediction,Latent_RMSE,GPR,Mean,1.3267978190701728,1.2498259132534548,1.4037697248868908,0.05,relative,clearly_worse,200,new_ID_independent_test
S4,new_ID_prediction,Latent_RMSE,GPR,RF,0.06870970196168123,0.03555476372805178,0.10186464019531069,0.05,relative,uncertain,200,new_ID_independent_test
S6,new_ID_prediction,Latent_RMSE,RF,GAM,0.2069171575568425,0.18493663015060452,0.2288976849630805,0.05,relative,clearly_worse,200,new_ID_independent_test
S6,new_ID_prediction,Latent_RMSE,RF,GPR,0.6108264955534782,0.5762584351096951,0.6453945559972614,0.05,relative,clearly_worse,200,new_ID_independent_test
S6,new_ID_prediction,Latent_RMSE,RF,LMM,0.3810740743608148,0.355876927008875,0.4062712217127546,0.05,relative,clearly_worse,200,new_ID_independent_test
S6,new_ID_prediction,Latent_RMSE,RF,MERF,0.02094119221011435,0.009470600469544128,0.03241178395068457,0.05,relative,practically_equivalent,200,new_ID_independent_test
S6,new_ID_prediction,Latent_RMSE,RF,Mean,0.7463305535768088,0.7231242413228707,0.7695368658307469,0.05,relative,clearly_worse,200,new_ID_independent_test
S6,new_ID_prediction,Latent_RMSE,RF,RF,0.0,0.0,0.0,0.05,relative,reference_leader,200,new_ID_independent_test
S9,new_ID_prediction,Latent_RMSE,RF,GAM,0.12482387996141185,0.1152881333424048,0.1343596265804189,0.05,relative,clearly_worse,300,new_ID_independent_test
S9,new_ID_prediction,Latent_RMSE,RF,GPR,0.586126535489122,0.56465423036664,0.607598840611604,0.05,relative,clearly_worse,300,new_ID_independent_test
S9,new_ID_prediction,Latent_RMSE,RF,LMM,0.38794280294185435,0.37160466555834404,0.40428094032536466,0.05,relative,clearly_worse,300,new_ID_independent_test
S9,new_ID_prediction,Latent_RMSE,RF,MERF,0.049248365071381334,0.04403526112177996,0.05446146902098271,0.05,relative,uncertain,300,new_ID_independent_test
S9,new_ID_prediction,Latent_RMSE,RF,Mean,0.6113560957559633,0.5991461750694994,0.6235660164424272,0.05,relative,clearly_worse,300,new_ID_independent_test
S9,new_ID_prediction,Latent_RMSE,RF,RF,0.0,0.0,0.0,0.05,relative,reference_leader,300,new_ID_independent_test
S4,interaction_recovery,Standardized_interaction_RMSE,GPR,GAM,1.3042159892139356,1.1853022086406544,1.4231297697872167,0.05,relative,clearly_worse,200,
S4,interaction_recovery,Standardized_interaction_RMSE,GPR,GPR,0.0,0.0,0.0,0.05,relative,reference_leader,200,
S4,interaction_recovery,Standardized_interaction_RMSE,GPR,LMM,1.6021743580516097,1.470752486463483,1.7335962296397363,0.05,relative,clearly_worse,200,
S4,interaction_recovery,Standardized_interaction_RMSE,GPR,MERF,0.8037143478996017,0.7188533891111613,0.8885753066880422,0.05,relative,clearly_worse,200,
S4,interaction_recovery,Standardized_interaction_RMSE,GPR,Mean,3.458718456581955,3.2486150890048258,3.6688218241590844,0.05,relative,clearly_worse,200,
S4,interaction_recovery,Standardized_interaction_RMSE,GPR,RF,0.7274651730236339,0.6473530624842236,0.8075772835630441,0.05,relative,clearly_worse,200,
