scenario,metric,left,right,n,mean,mcse,lower,upper,precision_mcse,paired_available_n,equivalence_margin,practically_close_point_estimate,interval_inside_equivalence
D0,false_arrow,Mean,LMM,200,0.0,0.0,0.0,0.0,0.0,200,0.05,True,True
D0,false_arrow,Mean,GAM,200,-0.01,0.007053278933842965,-0.023824426710332212,0.003824426710332212,0.007053278933842965,200,0.05,True,True
D0,false_arrow,Mean,RF,200,-0.02,0.0099243368701167,-0.03945170026542873,-0.0005482997345712705,0.0099243368701167,200,0.05,True,True
D0,false_arrow,Mean,GPR,200,0.0,0.0,0.0,0.0,0.0,200,0.05,True,True
D0,false_arrow,Mean,MERF,200,-0.015,0.008616625276509296,-0.03188858554195822,0.0018885855419582195,0.008616625276509296,200,0.05,True,True
D0,false_arrow,LMM,GAM,200,-0.01,0.007053278933842965,-0.023824426710332212,0.003824426710332212,0.007053278933842965,200,0.05,True,True
D0,false_arrow,LMM,RF,200,-0.02,0.0099243368701167,-0.03945170026542873,-0.0005482997345712705,0.0099243368701167,200,0.05,True,True
D0,false_arrow,LMM,GPR,200,0.0,0.0,0.0,0.0,0.0,200,0.05,True,True
D0,false_arrow,LMM,MERF,200,-0.015,0.008616625276509296,-0.03188858554195822,0.0018885855419582195,0.008616625276509296,200,0.05,True,True
D0,false_arrow,GAM,RF,200,-0.01,0.01,-0.0296,0.0096,0.01,200,0.05,True,True
D0,false_arrow,GAM,GPR,200,0.01,0.007053278933842965,-0.003824426710332212,0.023824426710332212,0.007053278933842965,200,0.05,True,True
D0,false_arrow,GAM,MERF,200,-0.005,0.01120279039180927,-0.02695746916794617,0.016957469167946167,0.01120279039180927,200,0.05,True,True
D0,false_arrow,RF,GPR,200,0.02,0.0099243368701167,0.0005482997345712705,0.03945170026542873,0.0099243368701167,200,0.05,True,True
D0,false_arrow,RF,MERF,200,0.005,0.008674748197003014,-0.012002506466125905,0.022002506466125907,0.008674748197003014,200,0.05,True,True
D0,false_arrow,GPR,MERF,200,-0.015,0.008616625276509296,-0.03188858554195822,0.0018885855419582195,0.008616625276509296,200,0.05,True,True
D0,ale_standardized_irmse,Mean,LMM,200,-0.045586055247121095,0.0024349902349826914,-0.05035863610768717,-0.04081347438655502,0.0024349902349826914,200,0.002279302762356055,False,False
D0,ale_standardized_irmse,Mean,GAM,200,-0.04041675968067158,0.001696193341880687,-0.04374129863075772,-0.037092220730585435,0.001696193341880687,200,0.002020837984033579,False,False
D0,ale_standardized_irmse,Mean,RF,200,-0.06657033195734821,0.002345780387147043,-0.07116806151615641,-0.06197260239854001,0.002345780387147043,200,0.0033285165978674106,False,False
D0,ale_standardized_irmse,Mean,GPR,200,-0.02309912882809918,0.0016982324085910553,-0.026427664348937646,-0.019770593307260713,0.0016982324085910553,200,0.001154956441404959,False,False
D0,ale_standardized_irmse,Mean,MERF,200,-0.06452807377181313,0.0022719610619724895,-0.06898111745327921,-0.06007503009034705,0.0022719610619724895,200,0.003226403688590657,False,False
D0,ale_standardized_irmse,LMM,GAM,200,0.005169295566449521,0.0019118128693042748,0.0014221423426131427,0.0089164487902859,0.0019118128693042748,200,0.002279302762356055,False,False
D0,ale_standardized_irmse,LMM,RF,200,-0.020984276710227102,0.002258241682574074,-0.02541043040807229,-0.016558123012381916,0.002258241682574074,200,0.0033285165978674106,False,False
D0,ale_standardized_irmse,LMM,GPR,200,0.02248692641902192,0.0024443705918393887,0.01769596005901672,0.02727789277902712,0.0024443705918393887,200,0.002279302762356055,False,False
D0,ale_standardized_irmse,LMM,MERF,200,-0.018942018524692045,0.0020664080423204905,-0.022992178287640205,-0.014891858761743884,0.0020664080423204905,200,0.003226403688590657,False,False
D0,ale_standardized_irmse,GAM,RF,200,-0.026153572276676626,0.0013208757666122737,-0.028742488779236682,-0.02356465577411657,0.0013208757666122737,200,0.0033285165978674106,False,False
D0,ale_standardized_irmse,GAM,GPR,200,0.0173176308525724,0.001812942153915905,0.013764264230897225,0.020870997474247574,0.001812942153915905,200,0.002020837984033579,False,False
D0,ale_standardized_irmse,GAM,MERF,200,-0.024111314091141568,0.001444682939680107,-0.02694289265291458,-0.021279735529368557,0.001444682939680107,200,0.003226403688590657,False,False
D0,ale_standardized_irmse,RF,GPR,200,0.04347120312924902,0.002055350742760016,0.03944271567343939,0.04749969058505865,0.002055350742760016,200,0.0033285165978674106,False,False
D0,ale_standardized_irmse,RF,MERF,200,0.002042258185535059,0.000998649315825405,8.490552651726525e-05,0.003999610844552853,0.000998649315825405,200,0.0033285165978674106,True,False
D0,ale_standardized_irmse,GPR,MERF,200,-0.04142894494371396,0.0020454856487059653,-0.04543809681517766,-0.03741979307225027,0.0020454856487059653,200,0.003226403688590657,False,False
D0,pd_standardized_irmse,Mean,LMM,200,-0.055478365715302624,0.002974095478307712,-0.06130759285278574,-0.04964913857781951,0.002974095478307712,200,0.0027739182857651314,False,False
D0,pd_standardized_irmse,Mean,GAM,200,-0.047071360551532555,0.001945836508747543,-0.05088520010867774,-0.04325752099438737,0.001945836508747543,200,0.002353568027576628,False,False
D0,pd_standardized_irmse,Mean,RF,200,-0.07849699079115041,0.002627779145713369,-0.08364743791674861,-0.07334654366555221,0.002627779145713369,200,0.00392484953955752,False,False
D0,pd_standardized_irmse,Mean,GPR,200,-0.026259344636500623,0.0018105495795354765,-0.02980802181239016,-0.022710667460611088,0.0018105495795354765,200,0.0013129672318250313,False,False
D0,pd_standardized_irmse,Mean,MERF,200,-0.0750715528517566,0.002557296188926964,-0.08008385338205344,-0.07005925232145975,0.002557296188926964,200,0.00375357764258783,False,False
D0,pd_standardized_irmse,LMM,GAM,200,0.008407005163770069,0.002271461237081865,0.003954941139089614,0.012859069188450523,0.002271461237081865,200,0.0027739182857651314,False,False
D0,pd_standardized_irmse,LMM,RF,200,-0.02301862507584779,0.0025483786895085818,-0.02801344730728461,-0.01802380284441097,0.0025483786895085818,200,0.00392484953955752,False,False
D0,pd_standardized_irmse,LMM,GPR,200,0.029219021078802,0.0028606119223191654,0.02361222171105644,0.03482582044654756,0.0028606119223191654,200,0.0027739182857651314,False,False
D0,pd_standardized_irmse,LMM,MERF,200,-0.019593187136453975,0.0022802139571369753,-0.024062406492442446,-0.015123967780465503,0.0022802139571369753,200,0.00375357764258783,False,False
D0,pd_standardized_irmse,GAM,RF,200,-0.031425630239617856,0.0014867201980856206,-0.034339601827865676,-0.02851165865137004,0.0014867201980856206,200,0.00392484953955752,False,False
D0,pd_standardized_irmse,GAM,GPR,200,0.020812015915031932,0.0019660653799223014,0.016958527770384223,0.02466550405967964,0.0019660653799223014,200,0.002353568027576628,False,False
D0,pd_standardized_irmse,GAM,MERF,200,-0.028000192300224044,0.0015854349164630052,-0.031107644736491535,-0.024892739863956553,0.0015854349164630052,200,0.00375357764258783,False,False
D0,pd_standardized_irmse,RF,GPR,200,0.05223764615464979,0.002260481595659414,0.04780710222715734,0.056668190082142245,0.002260481595659414,200,0.00392484953955752,False,False
D0,pd_standardized_irmse,RF,MERF,200,0.0034254379393938135,0.0011070907441158117,0.0012555400809268224,0.005595335797860805,0.0011070907441158117,200,0.00392484953955752,True,False
D0,pd_standardized_irmse,GPR,MERF,200,-0.048812208215255976,0.0022259453421062383,-0.0531750610857842,-0.04444935534472775,0.0022259453421062383,200,0.00375357764258783,False,False
D1,false_arrow,Mean,LMM,200,-0.105,0.021730995856253862,-0.14759275187825757,-0.06240724812174243,0.021730995856253862,200,0.05,False,False
D1,false_arrow,Mean,GAM,200,-0.085,0.019769399225283587,-0.12374802248155584,-0.046251977518444176,0.019769399225283587,200,0.05,False,False
D1,false_arrow,Mean,RF,200,-0.195,0.028085923439997253,-0.25004840994239463,-0.13995159005760538,0.028085923439997253,200,0.05,False,False
D1,false_arrow,Mean,GPR,200,-0.17,0.026627903149340413,-0.2221906901727072,-0.1178093098272928,0.026627903149340413,200,0.05,False,False
D1,false_arrow,Mean,MERF,200,-0.2,0.02835524820033344,-0.25557628647265357,-0.14442371352734645,0.02835524820033344,200,0.05,False,False
D1,false_arrow,LMM,GAM,200,0.02,0.028319781959811344,-0.03550677264123023,0.07550677264123024,0.028319781959811344,200,0.05,True,False
D1,false_arrow,LMM,RF,200,-0.09,0.03557849274110195,-0.1597338457725598,-0.020266154227440186,0.03557849274110195,200,0.05,False,False
D1,false_arrow,LMM,GPR,200,-0.065,0.03254490519684082,-0.12878801418580801,-0.0012119858141919904,0.03254490519684082,200,0.05,False,False
D1,false_arrow,LMM,MERF,200,-0.095,0.035865115818345214,-0.1652956270039566,-0.02470437299604339,0.035865115818345214,200,0.05,False,False
D1,false_arrow,GAM,RF,200,-0.11,0.031535255854504264,-0.17180910147482836,-0.048190898525171645,0.031535255854504264,200,0.05,False,False
D1,false_arrow,GAM,GPR,200,-0.085,0.031525294940817405,-0.14678957808400211,-0.02321042191599789,0.031525294940817405,200,0.05,False,False
D1,false_arrow,GAM,MERF,200,-0.115,0.029380111551419764,-0.17258501864078274,-0.05741498135921727,0.029380111551419764,200,0.05,False,False
D1,false_arrow,RF,GPR,200,0.025,0.038461296868201406,-0.050384141861674746,0.10038414186167474,0.038461296868201406,200,0.05,True,False
D1,false_arrow,RF,MERF,200,-0.005,0.027906430159035128,-0.059696603111708844,0.04969660311170885,0.027906430159035128,200,0.05,True,False
D1,false_arrow,GPR,MERF,200,-0.03,0.0374501343497466,-0.10340226332550334,0.04340226332550334,0.0374501343497466,200,0.05,True,False
D1,ale_standardized_irmse,Mean,LMM,200,0.47756513339116097,0.0025344553143157034,0.4725976009751022,0.48253266580721976,0.0025344553143157034,200,0.025586729027650697,False,False
D1,ale_standardized_irmse,Mean,GAM,200,0.3062967933759433,0.0023566038430598373,0.301677849843546,0.31091573690834057,0.0023566038430598373,200,0.025586729027650697,False,False
D1,ale_standardized_irmse,Mean,RF,200,0.40105406252030534,0.002760284267071336,0.3956439053568455,0.40646421968376517,0.002760284267071336,200,0.025586729027650697,False,False
D1,ale_standardized_irmse,Mean,GPR,200,0.4509084063631674,0.0027704248374361535,0.44547837368179255,0.4563384390445423,0.0027704248374361535,200,0.025586729027650697,False,False
D1,ale_standardized_irmse,Mean,MERF,200,0.3958086810205923,0.002678132503887435,0.39055954131297294,0.40105782072821167,0.002678132503887435,200,0.025586729027650697,False,False
D1,ale_standardized_irmse,LMM,GAM,200,-0.17126834001521765,0.002880497762461807,-0.1769141156296428,-0.1656225644007925,0.002880497762461807,200,0.01027188935885353,False,False
D1,ale_standardized_irmse,LMM,RF,200,-0.0765110708708556,0.0029113355595241086,-0.08221728856752285,-0.07080485317418835,0.0029113355595241086,200,0.005534025901635426,False,False
D1,ale_standardized_irmse,LMM,GPR,200,-0.026656727027993547,0.0022109288448052236,-0.030990147563811785,-0.02232330649217531,0.0022109288448052236,200,0.0030413087094923238,False,False
D1,ale_standardized_irmse,LMM,MERF,200,-0.08175645237056862,0.002832103670870043,-0.08730737556547391,-0.07620552917566334,0.002832103670870043,200,0.005796294976621077,False,False
D1,ale_standardized_irmse,GAM,RF,200,0.09475726914436207,0.001981144451002556,0.09087422602039706,0.09864031226832708,0.001981144451002556,200,0.01027188935885353,False,False
D1,ale_standardized_irmse,GAM,GPR,200,0.14461161298722414,0.0027863712195377493,0.13915032539693015,0.15007290057751813,0.0027863712195377493,200,0.01027188935885353,False,False
D1,ale_standardized_irmse,GAM,MERF,200,0.08951188764464905,0.0018424789905138097,0.08590062882324198,0.09312314646605613,0.0018424789905138097,200,0.01027188935885353,False,False
D1,ale_standardized_irmse,RF,GPR,200,0.049854343842862046,0.0021140478469379004,0.04571081006286376,0.05399787762286033,0.0021140478469379004,200,0.005534025901635426,False,False
D1,ale_standardized_irmse,RF,MERF,200,-0.005245381499713023,0.0010050422948732274,-0.007215264397664549,-0.0032754986017614974,0.0010050422948732274,200,0.005796294976621077,True,False
D1,ale_standardized_irmse,GPR,MERF,200,-0.05509972534257507,0.0022543226495022575,-0.05951819773559949,-0.05068125294955064,0.0022543226495022575,200,0.005796294976621077,False,False
D1,pd_standardized_irmse,Mean,LMM,200,0.5836188667256355,0.0035986059693380386,0.5765655990257329,0.590672134425538,0.0035986059693380386,200,0.031266429354843306,False,False
D1,pd_standardized_irmse,Mean,GAM,200,0.35871018708735547,0.0028524334502641456,0.3531194175248377,0.3643009566498732,0.0028524334502641456,200,0.031266429354843306,False,False
D1,pd_standardized_irmse,Mean,RF,200,0.48648585785803455,0.0034070312055317826,0.47980807669519226,0.49316363902087684,0.0034070312055317826,200,0.031266429354843306,False,False
D1,pd_standardized_irmse,Mean,GPR,200,0.5513395972003725,0.00381566983155961,0.5438608843305157,0.5588183100702293,0.00381566983155961,200,0.031266429354843306,False,False
D1,pd_standardized_irmse,Mean,MERF,200,0.4775600037214523,0.0032983281101922235,0.47109528062547557,0.48402472681742903,0.0032983281101922235,200,0.031266429354843306,False,False
D1,pd_standardized_irmse,LMM,GAM,200,-0.22490867963828,0.0035301970543167643,-0.23182786586474086,-0.21798949341181917,0.0035301970543167643,200,0.013330920000475532,False,False
D1,pd_standardized_irmse,LMM,RF,200,-0.09713300886760097,0.003356389591455449,-0.10371153246685365,-0.09055448526834829,0.003356389591455449,200,0.006942136461941581,False,False
D1,pd_standardized_irmse,LMM,GPR,200,-0.032279269525263006,0.0027929985271804157,-0.03775354663853662,-0.02680499241198939,0.0027929985271804157,200,0.0036994494948246826,False,False
D1,pd_standardized_irmse,LMM,MERF,200,-0.10605886300418321,0.003345648055346334,-0.11261633319266202,-0.0995013928157044,0.003345648055346334,200,0.007388429168770694,False,False
D1,pd_standardized_irmse,GAM,RF,200,0.12777567077067903,0.001925108894205149,0.12400245733803694,0.13154888420332111,0.001925108894205149,200,0.013330920000475532,False,False
D1,pd_standardized_irmse,GAM,GPR,200,0.192629410113017,0.0032205665776753,0.18631709962077342,0.1989417206052606,0.0032205665776753,200,0.013330920000475532,False,False
D1,pd_standardized_irmse,GAM,MERF,200,0.11884981663409681,0.0018469004094629389,0.11522989183154946,0.12246974143664417,0.0018469004094629389,200,0.013330920000475532,False,False
D1,pd_standardized_irmse,RF,GPR,200,0.06485373934233796,0.0023504675050747222,0.060246823032391504,0.06946065565228442,0.0023504675050747222,200,0.006942136461941581,False,False
D1,pd_standardized_irmse,RF,MERF,200,-0.00892585413658225,0.0010436754451493373,-0.01097145800907495,-0.006880250264089548,0.0010436754451493373,200,0.007388429168770694,False,False
D1,pd_standardized_irmse,GPR,MERF,200,-0.07377959347892021,0.002563188581598346,-0.07880344309885297,-0.06875574385898746,0.002563188581598346,200,0.007388429168770694,False,False
D10,correct_direction,Mean,LMM,200,-0.04,0.013891177924157585,-0.06722670873134887,-0.012773291268651135,0.013891177924157585,200,0.05,True,False
D10,correct_direction,Mean,GAM,200,-0.12,0.02303591253524935,-0.16515038856908873,-0.07484961143091126,0.02303591253524935,200,0.05,False,False
D10,correct_direction,Mean,RF,200,-0.06,0.016834995854681276,-0.0929965918751753,-0.0270034081248247,0.016834995854681276,200,0.05,False,False
D10,correct_direction,Mean,GPR,200,-0.065,0.017475754920753817,-0.09925247964467748,-0.030747520355322522,0.017475754920753817,200,0.05,False,False
D10,correct_direction,Mean,MERF,200,-0.05,0.015449707678033373,-0.08028142704894542,-0.019718572951054593,0.015449707678033373,200,0.05,True,False
D10,correct_direction,LMM,GAM,200,-0.08,0.02778235584831517,-0.13445341746269773,-0.02554658253730227,0.02778235584831517,200,0.05,False,False
D10,correct_direction,LMM,RF,200,-0.02,0.02237191347566886,-0.06384895041231096,0.02384895041231096,0.02237191347566886,200,0.05,True,False
D10,correct_direction,LMM,GPR,200,-0.025,0.02177719520865299,-0.06768330260895986,0.01768330260895986,0.02177719520865299,200,0.05,True,False
D10,correct_direction,LMM,MERF,200,-0.01,0.021254618179817986,-0.051659051632443255,0.03165905163244325,0.021254618179817986,200,0.05,True,False
D10,correct_direction,GAM,RF,200,0.06,0.02712339197002836,0.0068381517387444135,0.11316184826125558,0.02712339197002836,200,0.05,False,False
D10,correct_direction,GAM,GPR,200,0.055,0.027635004384596783,0.0008353914061903084,0.10916460859380969,0.027635004384596783,200,0.05,False,False
D10,correct_direction,GAM,MERF,200,0.07,0.027002698543723665,0.017074710854301622,0.12292528914569839,0.027002698543723665,200,0.05,False,False
D10,correct_direction,RF,GPR,200,-0.005,0.02506022895699248,-0.05411804875570526,0.04411804875570526,0.02506022895699248,200,0.05,True,False
D10,correct_direction,RF,MERF,200,0.01,0.017349496394006028,-0.02400501293225181,0.044005012932251814,0.017349496394006028,200,0.05,True,True
D10,correct_direction,GPR,MERF,200,0.015,0.021823296758442228,-0.027773661646546766,0.057773661646546765,0.021823296758442228,200,0.05,True,False
D10,ale_standardized_irmse,Mean,LMM,200,0.5200726643974767,0.003105374174557444,0.5139861310153441,0.5261591977796093,0.003105374174557444,200,0.02789330367985934,False,False
D10,ale_standardized_irmse,Mean,GAM,200,0.3300872288897611,0.002575183108942804,0.3250398699962332,0.33513458778328903,0.002575183108942804,200,0.02789330367985934,False,False
D10,ale_standardized_irmse,Mean,RF,200,0.438452135433564,0.002806586624458017,0.4329512256496263,0.4439530452175017,0.002806586624458017,200,0.02789330367985934,False,False
D10,ale_standardized_irmse,Mean,GPR,200,0.49807031046176936,0.003117113844880441,0.4919607673258037,0.504179853597735,0.003117113844880441,200,0.02789330367985934,False,False
D10,ale_standardized_irmse,Mean,MERF,200,0.42765251691615336,0.0027944722008216316,0.422175351402543,0.43312968242976374,0.0027944722008216316,200,0.02789330367985934,False,False
D10,ale_standardized_irmse,LMM,GAM,200,-0.18998543550771557,0.0032543802393220937,-0.19636402077678689,-0.18360685023864426,0.0032543802393220937,200,0.01138894223537129,False,False
D10,ale_standardized_irmse,LMM,RF,200,-0.08162052896391263,0.0028512781302765275,-0.08720903409925462,-0.07603202382857063,0.0028512781302765275,200,0.0059706969081811416,False,False
D10,ale_standardized_irmse,LMM,GPR,200,-0.022002353935707333,0.0021426592198957525,-0.026201966006703006,-0.01780274186471166,0.0021426592198957525,200,0.002989788156770875,False,False
D10,ale_standardized_irmse,LMM,MERF,200,-0.09242014748132331,0.0029525306789164006,-0.09820710761199945,-0.08663318735064716,0.0029525306789164006,200,0.0065106778340516735,False,False
D10,ale_standardized_irmse,GAM,RF,200,0.10836490654380296,0.002067671657830337,0.1043122700944555,0.11241754299315042,0.002067671657830337,200,0.01138894223537129,False,False
D10,ale_standardized_irmse,GAM,GPR,200,0.16798308157200825,0.0029369097783923295,0.1622267384063593,0.17373942473765722,0.0029369097783923295,200,0.01138894223537129,False,False
D10,ale_standardized_irmse,GAM,MERF,200,0.09756528802639229,0.001934776412232741,0.09377312625841612,0.10135744979436846,0.001934776412232741,200,0.01138894223537129,False,False
D10,ale_standardized_irmse,RF,GPR,200,0.05961817502820531,0.002070901751761673,0.05555920759475243,0.06367714246165819,0.002070901751761673,200,0.0059706969081811416,False,False
D10,ale_standardized_irmse,RF,MERF,200,-0.010799618517410672,0.0010100946664710793,-0.012779404063693987,-0.008819832971127357,0.0010100946664710793,200,0.0065106778340516735,False,False
D10,ale_standardized_irmse,GPR,MERF,200,-0.07041779354561598,0.0023307437154697483,-0.07498605122793668,-0.06584953586329527,0.0023307437154697483,200,0.0065106778340516735,False,False
D10,pd_standardized_irmse,Mean,LMM,200,0.6317766282514887,0.0046057342724263334,0.6227493890775331,0.6408038674254444,0.0046057342724263334,200,0.03404147671692316,False,False
D10,pd_standardized_irmse,Mean,GAM,200,0.3860209325831294,0.003094834971504044,0.3799550560389815,0.39208680912727734,0.003094834971504044,200,0.03404147671692316,False,False
D10,pd_standardized_irmse,Mean,RF,200,0.5281694879645487,0.0036331036181098332,0.5210486048730534,0.5352903710560439,0.0036331036181098332,200,0.03404147671692316,False,False
D10,pd_standardized_irmse,Mean,GPR,200,0.6087379424828059,0.004485037697842535,0.5999472685950346,0.6175286163705772,0.004485037697842535,200,0.03404147671692316,False,False
D10,pd_standardized_irmse,Mean,MERF,200,0.5125490729730996,0.0035659346981020104,0.5055598409648197,0.5195383049813795,0.0035659346981020104,200,0.03404147671692316,False,False
D10,pd_standardized_irmse,LMM,GAM,200,-0.2457556956683594,0.0043755658139199936,-0.2543318046636426,-0.2371795866730762,0.0043755658139199936,200,0.014740430087766682,False,False
D10,pd_standardized_irmse,LMM,RF,200,-0.10360714028694008,0.0036023637303209204,-0.11066777319836908,-0.09654650737551108,0.0036023637303209204,200,0.00763300231869572,False,False
D10,pd_standardized_irmse,LMM,GPR,200,-0.023038685768682808,0.002625516737626433,-0.028184698574430615,-0.017892672962935,0.002625516737626433,200,0.003604579592782855,False,False
D10,pd_standardized_irmse,LMM,MERF,200,-0.11922755527838916,0.003750605180874095,-0.12657874143290238,-0.11187636912387593,0.003750605180874095,200,0.008414023068268172,False,False
D10,pd_standardized_irmse,GAM,RF,200,0.1421485553814193,0.0022238801041989413,0.13778975037718938,0.1465073603856492,0.0022238801041989413,200,0.014740430087766682,False,False
D10,pd_standardized_irmse,GAM,GPR,200,0.22271700989967658,0.003825819679764103,0.21521840332733894,0.23021561647201422,0.003825819679764103,200,0.014740430087766682,False,False
D10,pd_standardized_irmse,GAM,MERF,200,0.1265281403899702,0.002121532345128425,0.12236993699351849,0.1306863437864219,0.002121532345128425,200,0.014740430087766682,False,False
D10,pd_standardized_irmse,RF,GPR,200,0.0805684545182573,0.002770482368902275,0.07513830907520884,0.08599859996130575,0.002770482368902275,200,0.00763300231869572,False,False
D10,pd_standardized_irmse,RF,MERF,200,-0.015620414991449075,0.0010979965513489122,-0.01777248823209294,-0.013468341750805206,0.0010979965513489122,200,0.008414023068268172,False,False
D10,pd_standardized_irmse,GPR,MERF,200,-0.09618886950970637,0.00301357013389212,-0.10209546697213492,-0.09028227204727782,0.00301357013389212,200,0.008414023068268172,False,False
D10,pure_interaction_standardized_irmse,Mean,LMM,200,1.942890293094024e-18,1.7763524807932042e-18,-1.5387605692606562e-18,5.4245411554487044e-18,1.7763524807932042e-18,200,0.011050154600778739,True,True
D10,pure_interaction_standardized_irmse,Mean,GAM,200,0.0,1.5112966027502212e-18,-2.9621413413904335e-18,2.9621413413904335e-18,1.5112966027502212e-18,200,0.011050154600778739,True,True
D10,pure_interaction_standardized_irmse,Mean,RF,200,0.076465746703208,0.002716436324923295,0.07114153150635835,0.08178996190005766,0.002716436324923295,200,0.011050154600778739,False,False
D10,pure_interaction_standardized_irmse,Mean,GPR,200,0.10184779260720475,0.0042956780213595355,0.09342826368534006,0.11026732152906944,0.0042956780213595355,200,0.011050154600778739,False,False
D10,pure_interaction_standardized_irmse,Mean,MERF,200,0.06940675829681582,0.002535065291971917,0.06443803032455087,0.07437548626908078,0.002535065291971917,200,0.011050154600778739,False,False
D10,pure_interaction_standardized_irmse,LMM,GAM,200,-1.942890293094024e-18,2.0114193518016603e-18,-5.8852722226252785e-18,1.99949163643723e-18,2.0114193518016603e-18,200,0.011050154600778739,True,True
D10,pure_interaction_standardized_irmse,LMM,RF,200,0.076465746703208,0.0027164363249232953,0.07114153150635835,0.08178996190005766,0.0027164363249232953,200,0.011050154600778739,False,False
D10,pure_interaction_standardized_irmse,LMM,GPR,200,0.10184779260720475,0.0042956780213595355,0.09342826368534006,0.11026732152906944,0.0042956780213595355,200,0.011050154600778739,False,False
D10,pure_interaction_standardized_irmse,LMM,MERF,200,0.06940675829681582,0.002535065291971917,0.06443803032455087,0.07437548626908078,0.002535065291971917,200,0.011050154600778739,False,False
D10,pure_interaction_standardized_irmse,GAM,RF,200,0.076465746703208,0.0027164363249232953,0.07114153150635835,0.08178996190005766,0.0027164363249232953,200,0.011050154600778739,False,False
D10,pure_interaction_standardized_irmse,GAM,GPR,200,0.10184779260720475,0.0042956780213595355,0.09342826368534006,0.11026732152906944,0.0042956780213595355,200,0.011050154600778739,False,False
D10,pure_interaction_standardized_irmse,GAM,MERF,200,0.06940675829681582,0.002535065291971917,0.06443803032455087,0.07437548626908078,0.002535065291971917,200,0.011050154600778739,False,False
D10,pure_interaction_standardized_irmse,RF,GPR,200,0.025382045903996744,0.004261833419270447,0.01702885240222667,0.03373523940576682,0.004261833419270447,200,0.007226867265618338,False,False
D10,pure_interaction_standardized_irmse,RF,MERF,200,-0.007058988406392183,0.0009383622403314946,-0.008898178397441912,-0.005219798415342454,0.0009383622403314946,200,0.007579816685937948,True,False
D10,pure_interaction_standardized_irmse,GPR,MERF,200,-0.03244103431038893,0.004293187327852947,-0.04085568147298071,-0.024026387147797153,0.004293187327852947,200,0.007579816685937948,False,False
D2,correct_direction,Mean,LMM,225,-0.27111111111111114,0.029701632090738988,-0.32932631000895957,-0.2128959122132627,0.029701632090738988,225,0.05,False,False
D2,correct_direction,Mean,GAM,225,-0.013333333333333334,0.007663560447348136,-0.02835391181013568,0.0016872451434690114,0.007663560447348136,225,0.05,True,True
D2,correct_direction,Mean,RF,225,-0.15555555555555556,0.024216105241892626,-0.2030191218296651,-0.108091989281446,0.024216105241892626,225,0.05,False,False
D2,correct_direction,Mean,GPR,225,-0.2088888888888889,0.027161415729103133,-0.26212526371793105,-0.15565251405984676,0.027161415729103133,225,0.05,False,False
D2,correct_direction,Mean,MERF,225,-0.14222222222222222,0.023337112316811563,-0.1879629623631729,-0.09648148208127155,0.023337112316811563,225,0.05,False,False
D2,correct_direction,LMM,GAM,225,0.2577777777777778,0.031196029232242146,0.19663356048258318,0.31892199507297236,0.031196029232242146,225,0.05,False,False
D2,correct_direction,LMM,RF,225,0.11555555555555555,0.03753187945345453,0.041993071826784675,0.1891180392843264,0.03753187945345453,225,0.05,False,False
D2,correct_direction,LMM,GPR,225,0.06222222222222222,0.0375671063292629,-0.011409306183133058,0.13585375062757749,0.0375671063292629,225,0.05,False,False
D2,correct_direction,LMM,MERF,225,0.1288888888888889,0.03707088400506667,0.05622995623895821,0.20154782153881956,0.03707088400506667,225,0.05,False,False
D2,correct_direction,GAM,RF,225,-0.14222222222222222,0.025761762950836598,-0.19271527760586196,-0.09172916683858248,0.025761762950836598,225,0.05,False,False
D2,correct_direction,GAM,GPR,225,-0.19555555555555557,0.028659036759930624,-0.25172726760501957,-0.13938384350609154,0.028659036759930624,225,0.05,False,False
D2,correct_direction,GAM,MERF,225,-0.1288888888888889,0.024095635440185306,-0.17611633435165208,-0.08166144342612569,0.024095635440185306,225,0.05,False,False
D2,correct_direction,RF,GPR,225,-0.05333333333333334,0.03431876713662333,-0.12059811692111505,0.013931450254448384,0.03431876713662333,225,0.05,False,False
D2,correct_direction,RF,MERF,225,0.013333333333333334,0.02039296486225129,-0.02663687779667919,0.05330354446334586,0.02039296486225129,225,0.05,True,False
D2,correct_direction,GPR,MERF,225,0.06666666666666667,0.03392334963994049,0.00017690137238331183,0.13315643196095,0.03392334963994049,225,0.05,False,False
D2,ale_standardized_irmse,Mean,LMM,225,0.43593467336154224,0.0027780572857837803,0.430489681081406,0.44137966564167846,0.0027780572857837803,225,0.02342590964687779,False,False
D2,ale_standardized_irmse,Mean,GAM,225,0.25173406638564594,0.002263560790819707,0.24729748723563932,0.25617064553565255,0.002263560790819707,225,0.02342590964687779,False,False
D2,ale_standardized_irmse,Mean,RF,225,0.36361907422890133,0.002561759896014593,0.35859802483271275,0.3686401236250899,0.002561759896014593,225,0.02342590964687779,False,False
D2,ale_standardized_irmse,Mean,GPR,225,0.4131006871298842,0.003020014815262386,0.40718145809196993,0.41901991616779843,0.003020014815262386,225,0.02342590964687779,False,False
D2,ale_standardized_irmse,Mean,MERF,225,0.35907814814319294,0.0024751174331671885,0.35422691797418526,0.3639293783122006,0.0024751174331671885,225,0.02342590964687779,False,False
D2,ale_standardized_irmse,LMM,GAM,225,-0.18420060697589627,0.0027508361138784115,-0.18959224575909794,-0.1788089681926946,0.0027508361138784115,225,0.010839206327595495,False,False
D2,ale_standardized_irmse,LMM,RF,225,-0.0723155991326409,0.002394119907439116,-0.07700807415122157,-0.06762312411406024,0.002394119907439116,225,0.005244955935432725,False,False
D2,ale_standardized_irmse,LMM,GPR,225,-0.022833986231658013,0.0018762900204525074,-0.026511514671744927,-0.0191564577915711,0.0018762900204525074,225,0.002770875290383581,False,False
D2,ale_standardized_irmse,LMM,MERF,225,-0.07685652521834932,0.0024284980705228726,-0.08161638143657415,-0.07209666900012449,0.0024284980705228726,225,0.005472002239718145,False,False
D2,ale_standardized_irmse,GAM,RF,225,0.11188500784325536,0.002077236291885326,0.10781362471116013,0.1159563909753506,0.002077236291885326,225,0.010839206327595495,False,False
D2,ale_standardized_irmse,GAM,GPR,225,0.16136662074423827,0.0027636099351121936,0.15594994527141837,0.16678329621705817,0.0027636099351121936,225,0.010839206327595495,False,False
D2,ale_standardized_irmse,GAM,MERF,225,0.10734408175754696,0.0020368173758519965,0.10335191970087705,0.11133624381421688,0.0020368173758519965,225,0.010839206327595495,False,False
D2,ale_standardized_irmse,RF,GPR,225,0.0494816129009829,0.0020277635546310084,0.045507196333906125,0.053456029468059676,0.0020277635546310084,225,0.005244955935432725,False,False
D2,ale_standardized_irmse,RF,MERF,225,-0.0045409260857084,0.0009228241588326324,-0.0063496614370203595,-0.002732190734396441,0.0009228241588326324,225,0.005472002239718145,True,False
D2,ale_standardized_irmse,GPR,MERF,225,-0.0540225389866913,0.002189995807785942,-0.05831493076995175,-0.04973014720343085,0.002189995807785942,225,0.005472002239718145,False,False
D2,pd_standardized_irmse,Mean,LMM,225,0.5734002754114532,0.004531701583360748,0.5645181403080661,0.5822824105148403,0.004531701583360748,225,0.030804688589401292,False,False
D2,pd_standardized_irmse,Mean,GAM,225,0.3190954687604742,0.003039898613443629,0.31313726747812465,0.3250536700428237,0.003039898613443629,225,0.030804688589401292,False,False
D2,pd_standardized_irmse,Mean,RF,225,0.47958009053447537,0.003869856356670973,0.47199517207540026,0.4871650089935505,0.003869856356670973,225,0.030804688589401292,False,False
D2,pd_standardized_irmse,Mean,GPR,225,0.5447157873861124,0.00480357190742997,0.5353007864475496,0.5541307883246751,0.00480357190742997,225,0.030804688589401292,False,False
D2,pd_standardized_irmse,Mean,MERF,225,0.4707613661844472,0.003666519239580645,0.4635749884748691,0.4779477438940253,0.003666519239580645,225,0.030804688589401292,False,False
D2,pd_standardized_irmse,LMM,GAM,225,-0.2543048066509791,0.0038303193025020486,-0.26181223248388313,-0.2467973808180751,0.0038303193025020486,225,0.01484991515137759,False,False
D2,pd_standardized_irmse,LMM,RF,225,-0.09382018487697792,0.002991647773265575,-0.09968381451257845,-0.0879565552413774,0.002991647773265575,225,0.0068256840626775275,False,False
D2,pd_standardized_irmse,LMM,GPR,225,-0.02868448802534086,0.002364207767121775,-0.03331833524889954,-0.02405064080178218,0.002364207767121775,225,0.0035688992200956747,False,False
D2,pd_standardized_irmse,LMM,MERF,225,-0.10263890922700608,0.0031334607743073095,-0.10878049234464841,-0.09649732610936375,0.0031334607743073095,225,0.007266620280178936,False,False
D2,pd_standardized_irmse,GAM,RF,225,0.16048462177400116,0.0023961733092863224,0.15578812208779996,0.16518112146020236,0.0023961733092863224,225,0.01484991515137759,False,False
D2,pd_standardized_irmse,GAM,GPR,225,0.22562031862563825,0.003786588415927268,0.2181986053304208,0.2330420319208557,0.003786588415927268,225,0.01484991515137759,False,False
D2,pd_standardized_irmse,GAM,MERF,225,0.15166589742397302,0.002323894058541155,0.14711106506923236,0.15622072977871368,0.002323894058541155,225,0.01484991515137759,False,False
D2,pd_standardized_irmse,RF,GPR,225,0.06513569685163706,0.0025247488674814216,0.06018718907137347,0.07008420463190064,0.0025247488674814216,225,0.0068256840626775275,False,False
D2,pd_standardized_irmse,RF,MERF,225,-0.008818724350028175,0.0011007320159572688,-0.010976159101304422,-0.006661289598751928,0.0011007320159572688,225,0.007266620280178936,False,False
D2,pd_standardized_irmse,GPR,MERF,225,-0.07395442120166523,0.002775833208735556,-0.07939505429078692,-0.06851378811254355,0.002775833208735556,225,0.007266620280178936,False,False
D3,correct_direction,Mean,LMM,200,-0.035,0.013027801736688053,-0.06053449140390858,-0.00946550859609142,0.013027801736688053,200,0.05,True,False
D3,correct_direction,Mean,GAM,200,-0.055,0.016161092305986408,-0.08667574091973336,-0.02332425908026664,0.016161092305986408,200,0.05,False,False
D3,correct_direction,Mean,RF,200,-0.14,0.024597258498217655,-0.18821062665650662,-0.09178937334349341,0.024597258498217655,200,0.05,False,False
D3,correct_direction,Mean,GPR,200,-0.13,0.02383991838372593,-0.17672624003210283,-0.08327375996789718,0.02383991838372593,200,0.05,False,False
D3,correct_direction,Mean,MERF,200,-0.175,0.026935153843310678,-0.22779290153288892,-0.12220709846711106,0.026935153843310678,200,0.05,False,False
D3,correct_direction,LMM,GAM,200,-0.02,0.02,-0.0592,0.0192,0.02,200,0.05,True,False
D3,correct_direction,LMM,RF,200,-0.105,0.02689781519587711,-0.15771971778391913,-0.05228028221608086,0.02689781519587711,200,0.05,False,False
D3,correct_direction,LMM,GPR,200,-0.095,0.02613984424755496,-0.1462340947252077,-0.04376590527479228,0.02613984424755496,200,0.05,False,False
D3,correct_direction,LMM,MERF,200,-0.14,0.029262286428698218,-0.19735408140024852,-0.08264591859975151,0.029262286428698218,200,0.05,False,False
D3,correct_direction,GAM,RF,200,-0.085,0.022166002307395384,-0.12844536452249494,-0.041554635477505056,0.022166002307395384,200,0.05,False,False
D3,correct_direction,GAM,GPR,200,-0.075,0.02739759370279656,-0.12869928365748123,-0.021300716342518747,0.02739759370279656,200,0.05,False,False
D3,correct_direction,GAM,MERF,200,-0.12,0.026103774347321487,-0.17116339772075012,-0.06883660227924988,0.026103774347321487,200,0.05,False,False
D3,correct_direction,RF,GPR,200,0.01,0.03006692702127227,-0.04893117696169364,0.06893117696169364,0.03006692702127227,200,0.05,True,False
D3,correct_direction,RF,MERF,200,-0.035,0.02283598940401535,-0.0797585392318701,0.009758539231870082,0.02283598940401535,200,0.05,True,False
D3,correct_direction,GPR,MERF,200,-0.045,0.031140385644536455,-0.10603515586329146,0.016035155863291455,0.031140385644536455,200,0.05,True,False
D3,ale_standardized_irmse,Mean,LMM,200,0.4548011233725202,0.0024863637148760023,0.44992785049136325,0.4596743962536772,0.0024863637148760023,200,0.029407250952483317,False,False
D3,ale_standardized_irmse,Mean,GAM,200,0.33564119248210544,0.002465790754383625,0.33080824260351355,0.34047414236069734,0.002465790754383625,200,0.029407250952483317,False,False
D3,ale_standardized_irmse,Mean,RF,200,0.46342787867705526,0.0029721390467726,0.45760248614538096,0.46925327120872956,0.0029721390467726,200,0.029407250952483317,False,False
D3,ale_standardized_irmse,Mean,GPR,200,0.5049355036800383,0.0032014920551498983,0.49866057925194446,0.5112104281081321,0.0032014920551498983,200,0.029407250952483317,False,False
D3,ale_standardized_irmse,Mean,MERF,200,0.4541602149578567,0.0027890927943341345,0.4486935930809618,0.4596268368347516,0.0027890927943341345,200,0.029407250952483317,False,False
D3,ale_standardized_irmse,LMM,GAM,200,-0.11915993089041489,0.001551504669964407,-0.12220088004354512,-0.11611898173728466,0.001551504669964407,200,0.012625191328378048,False,False
D3,ale_standardized_irmse,LMM,RF,200,0.008626755304534977,0.0021695473675978527,0.004374442464043186,0.012879068145026769,0.0021695473675978527,200,0.006667194783857304,False,False
D3,ale_standardized_irmse,LMM,GPR,200,0.05013438030751796,0.002219173230739798,0.04578480077526796,0.05448395983976796,0.002219173230739798,200,0.006667194783857304,False,False
D3,ale_standardized_irmse,LMM,MERF,200,-0.0006409084146635896,0.0018466562886436824,-0.004260354740405207,0.002978537911078028,0.0018466562886436824,200,0.006699240204590485,True,True
D3,ale_standardized_irmse,GAM,RF,200,0.12778668619494987,0.0016455791214741301,0.12456135111686058,0.13101202127303918,0.0016455791214741301,200,0.012625191328378048,False,False
D3,ale_standardized_irmse,GAM,GPR,200,0.16929431119793287,0.002095686740941268,0.16518676518568798,0.17340185721017776,0.002095686740941268,200,0.012625191328378048,False,False
D3,ale_standardized_irmse,GAM,MERF,200,0.11851902247575129,0.0016174112880347118,0.11534889635120325,0.12168914860029932,0.0016174112880347118,200,0.012625191328378048,False,False
D3,ale_standardized_irmse,RF,GPR,200,0.04150762500298299,0.0018639139613618719,0.03785435363871372,0.045160896367252255,0.0018639139613618719,200,0.006235857018630555,False,False
D3,ale_standardized_irmse,RF,MERF,200,-0.009267663719198564,0.001181751525813606,-0.011583896709793231,-0.006951430728603897,0.001181751525813606,200,0.006699240204590485,False,False
D3,ale_standardized_irmse,GPR,MERF,200,-0.050775288722181545,0.0018995226552643938,-0.054498353126499754,-0.047052224317863336,0.0018995226552643938,200,0.006699240204590485,False,False
D3,pd_standardized_irmse,Mean,LMM,200,0.5411055616359843,0.002557858655968818,0.5360921586702855,0.5461189646016832,0.002557858655968818,200,0.03404163634225232,False,False
D3,pd_standardized_irmse,Mean,GAM,200,0.3889494601615697,0.0028957805990774245,0.383273730187378,0.39462519013576147,0.0028957805990774245,200,0.03404163634225232,False,False
D3,pd_standardized_irmse,Mean,RF,200,0.5289822111978099,0.003466744666992976,0.5221873916505037,0.5357770307451161,0.003466744666992976,200,0.03404163634225232,False,False
D3,pd_standardized_irmse,Mean,GPR,200,0.5851947382694259,0.0037642392621896653,0.5778168293155341,0.5925726472233177,0.0037642392621896653,200,0.03404163634225232,False,False
D3,pd_standardized_irmse,Mean,MERF,200,0.5172360115209973,0.0032276429649115883,0.5109098313097706,0.523562191732224,0.0032276429649115883,200,0.03404163634225232,False,False
D3,pd_standardized_irmse,LMM,GAM,200,-0.1521561014744146,0.0017240807045474306,-0.15553529965532756,-0.14877690329350166,0.0017240807045474306,200,0.01459416333417383,False,False
D3,pd_standardized_irmse,LMM,RF,200,-0.012123350438174451,0.0021837693433488297,-0.016403538351138156,-0.007843162525210745,0.0021837693433488297,200,0.0075925257823618204,False,False
D3,pd_standardized_irmse,LMM,GPR,200,0.044089176633441654,0.0023996979260659003,0.03938576869835249,0.04879258456853082,0.0023996979260659003,200,0.006986358260453096,False,False
D3,pd_standardized_irmse,LMM,MERF,200,-0.023869550114986957,0.0019164446461497103,-0.02762578162144039,-0.020113318608533524,0.0019164446461497103,200,0.008179835766202443,False,False
D3,pd_standardized_irmse,GAM,RF,200,0.14003275103624013,0.001602701031467123,0.13689145701456457,0.1431740450579157,0.001602701031467123,200,0.01459416333417383,False,False
D3,pd_standardized_irmse,GAM,GPR,200,0.19624527810785622,0.002507204425063581,0.1913311574347316,0.20115939878098082,0.002507204425063581,200,0.01459416333417383,False,False
D3,pd_standardized_irmse,GAM,MERF,200,0.12828655135942763,0.0016704382039825617,0.12501249247962182,0.13156061023923343,0.0016704382039825617,200,0.01459416333417383,False,False
D3,pd_standardized_irmse,RF,GPR,200,0.0562125270716161,0.002195773134647314,0.051908811727707366,0.060516242415524835,0.002195773134647314,200,0.0075925257823618204,False,False
D3,pd_standardized_irmse,RF,MERF,200,-0.011746199676812506,0.0012966878706444152,-0.014287707903275559,-0.009204691450349453,0.0012966878706444152,200,0.008179835766202443,False,False
D3,pd_standardized_irmse,GPR,MERF,200,-0.06795872674842861,0.0023848978001256094,-0.0726331264366748,-0.06328432706018242,0.0023848978001256094,200,0.008179835766202443,False,False
D4,correct_direction,Mean,LMM,275,0.0,0.0,0.0,0.0,0.0,275,0.05,True,True
D4,correct_direction,Mean,GAM,275,-0.20363636363636364,0.024328094587990196,-0.2513194290288244,-0.15595329824390286,0.024328094587990196,275,0.05,False,False
D4,correct_direction,Mean,RF,275,-0.3563636363636364,0.028932881998424437,-0.41307208508054827,-0.2996551876467245,0.028932881998424437,275,0.05,False,False
D4,correct_direction,Mean,GPR,275,-0.11636363636363636,0.019371807765830883,-0.1543323795846649,-0.07839489314260784,0.019371807765830883,275,0.05,False,False
D4,correct_direction,Mean,MERF,275,-0.36727272727272725,0.029122411609200462,-0.42435265402676015,-0.31019280051869436,0.029122411609200462,275,0.05,False,False
D4,correct_direction,LMM,GAM,275,-0.20363636363636364,0.024328094587990196,-0.2513194290288244,-0.15595329824390286,0.024328094587990196,275,0.05,False,False
D4,correct_direction,LMM,RF,275,-0.3563636363636364,0.028932881998424437,-0.41307208508054827,-0.2996551876467245,0.028932881998424437,275,0.05,False,False
D4,correct_direction,LMM,GPR,275,-0.11636363636363636,0.019371807765830883,-0.1543323795846649,-0.07839489314260784,0.019371807765830883,275,0.05,False,False
D4,correct_direction,LMM,MERF,275,-0.36727272727272725,0.029122411609200462,-0.42435265402676015,-0.31019280051869436,0.029122411609200462,275,0.05,False,False
D4,correct_direction,GAM,RF,275,-0.15272727272727274,0.028588900112242816,-0.20876151694726866,-0.09669302850727682,0.028588900112242816,275,0.05,False,False
D4,correct_direction,GAM,GPR,275,0.08727272727272728,0.030020000973793287,0.028433525364092438,0.14611192918136212,0.030020000973793287,275,0.05,False,False
D4,correct_direction,GAM,MERF,275,-0.16363636363636364,0.03168280995116501,-0.22573467114064705,-0.10153805613208022,0.03168280995116501,275,0.05,False,False
D4,correct_direction,RF,GPR,275,0.24,0.031792292054954104,0.17768710757228995,0.30231289242771003,0.031792292054954104,275,0.05,False,False
D4,correct_direction,RF,MERF,275,-0.01090909090909091,0.02274093816103966,-0.05548132970472864,0.03366314788654682,0.02274093816103966,275,0.05,True,False
D4,correct_direction,GPR,MERF,275,-0.2509090909090909,0.03292574193717997,-0.3154435451059636,-0.18637463671221818,0.03292574193717997,275,0.05,False,False
D4,ale_standardized_irmse,Mean,LMM,275,0.1210544449264025,0.001603701630652222,0.11791118973032413,0.12419770012248085,0.001603701630652222,275,0.014628872556389309,False,False
D4,ale_standardized_irmse,Mean,GAM,275,0.14956629058885318,0.0019653656374145185,0.1457141739395207,0.15341840723818564,0.0019653656374145185,275,0.014628872556389309,False,False
D4,ale_standardized_irmse,Mean,RF,275,0.2020773411201748,0.002657359124182843,0.19686891723677644,0.20728576500357318,0.002657359124182843,275,0.014628872556389309,False,False
D4,ale_standardized_irmse,Mean,GPR,275,0.15751044213832152,0.0042683989995505826,0.1491443800992024,0.16587650417744065,0.0042683989995505826,275,0.014628872556389309,False,False
D4,ale_standardized_irmse,Mean,MERF,275,0.2048044456140949,0.0025793698854950572,0.19974888063852458,0.2098600105896652,0.0025793698854950572,275,0.014628872556389309,False,False
D4,ale_standardized_irmse,LMM,GAM,275,0.028511845662450686,0.0018893075754034348,0.024808802814659955,0.032214888510241416,0.0018893075754034348,275,0.008576150310069183,False,False
D4,ale_standardized_irmse,LMM,RF,275,0.08102289619377233,0.00218873694197794,0.07673297178749557,0.08531282060004909,0.00218873694197794,275,0.008576150310069183,False,False
D4,ale_standardized_irmse,LMM,GPR,275,0.03645599721191901,0.003765211388238599,0.02907618289097135,0.04383581153286666,0.003765211388238599,275,0.008576150310069183,False,False
D4,ale_standardized_irmse,LMM,MERF,275,0.08375000068769244,0.0021588912429397625,0.0795185738515305,0.08798142752385438,0.0021588912429397625,275,0.008576150310069183,False,False
D4,ale_standardized_irmse,GAM,RF,275,0.05251105053132163,0.001789066723672849,0.049004479752922846,0.05601762130972041,0.001789066723672849,275,0.007150558026946651,False,False
D4,ale_standardized_irmse,GAM,GPR,275,0.007944151549468318,0.002976445332097138,0.0021103186985579276,0.01377798440037871,0.002976445332097138,275,0.007150558026946651,False,False
D4,ale_standardized_irmse,GAM,MERF,275,0.05523815502524172,0.0017254062842953814,0.05185635870802278,0.05861995134246067,0.0017254062842953814,275,0.007150558026946651,False,False
D4,ale_standardized_irmse,RF,GPR,275,-0.044566898981853315,0.0030776187818868706,-0.05059903179435158,-0.03853476616935505,0.0030776187818868706,275,0.006753350449473234,False,False
D4,ale_standardized_irmse,RF,MERF,275,0.0027271044939201,0.0009472706716790059,0.0008704539774292484,0.004583755010410952,0.0009472706716790059,275,0.004525005500380569,True,False
D4,ale_standardized_irmse,GPR,MERF,275,0.047294003475773415,0.003059087773841612,0.041298191439043855,0.053289815512502975,0.003059087773841612,275,0.006753350449473234,False,False
D4,pd_standardized_irmse,Mean,LMM,275,0.1648310646343159,0.0026619843954384143,0.15961357521925662,0.1700485540493752,0.0026619843954384143,275,0.01799420881333268,False,False
D4,pd_standardized_irmse,Mean,GAM,275,0.180867466973541,0.0026506184686727217,0.17567225477494247,0.18606267917213953,0.0026506184686727217,275,0.01799420881333268,False,False
D4,pd_standardized_irmse,Mean,RF,275,0.24692531798072298,0.003490408120370753,0.2400841180647963,0.25376651789664967,0.003490408120370753,275,0.01799420881333268,False,False
D4,pd_standardized_irmse,Mean,GPR,275,0.19743646431130102,0.005595233608455831,0.1864698064387276,0.20840312218387444,0.005595233608455831,275,0.01799420881333268,False,False
D4,pd_standardized_irmse,Mean,MERF,275,0.2501922186478192,0.003451634688925111,0.243427014657526,0.25695742263811244,0.003451634688925111,275,0.01799420881333268,False,False
D4,pd_standardized_irmse,LMM,GAM,275,0.016036402339225105,0.0023145084336657676,0.0114999658092402,0.02057283886921001,0.0023145084336657676,275,0.009752655581616886,False,False
D4,pd_standardized_irmse,LMM,RF,275,0.08209425334640706,0.0023108609743626393,0.07756496583665629,0.08662354085615784,0.0023108609743626393,275,0.009752655581616886,False,False
D4,pd_standardized_irmse,LMM,GPR,275,0.0326053996769851,0.004531135036493096,0.023724375005458632,0.04148642434851157,0.004531135036493096,275,0.009752655581616886,False,False
D4,pd_standardized_irmse,LMM,MERF,275,0.0853611540135033,0.002273849234115071,0.08090440951463776,0.08981789851236885,0.002273849234115071,275,0.009752655581616886,False,False
D4,pd_standardized_irmse,GAM,RF,275,0.06605785100718196,0.002155422350049799,0.06183322320108436,0.07028247881327956,0.002155422350049799,275,0.008950835464655629,False,False
D4,pd_standardized_irmse,GAM,GPR,275,0.016568997337759996,0.003807259352412131,0.00910676900703222,0.024031225668487772,0.003807259352412131,275,0.008950835464655629,False,False
D4,pd_standardized_irmse,GAM,MERF,275,0.0693247516742782,0.002073033284824188,0.0652616064360228,0.07338789691253361,0.002073033284824188,275,0.008950835464655629,False,False
D4,pd_standardized_irmse,RF,GPR,275,-0.04948885366942196,0.003842392222660026,-0.057019942425835614,-0.04195776491300831,0.003842392222660026,275,0.00812238559776763,False,False
D4,pd_standardized_irmse,RF,MERF,275,0.003266900667096249,0.0010618770411343736,0.0011856216664728769,0.005348179667719621,0.0010618770411343736,275,0.00564794291429653,True,True
D4,pd_standardized_irmse,GPR,MERF,275,0.05275575433651821,0.0037557205383901525,0.04539454208127351,0.06011696659176291,0.0037557205383901525,275,0.00812238559776763,False,False
D5,correct_direction,Mean,LMM,225,-0.017777777777777778,0.008829164435030715,-0.03508294007043798,-0.0004726154851175772,0.008829164435030715,225,0.05,True,True
D5,correct_direction,Mean,GAM,225,-0.15555555555555556,0.02421610524189263,-0.2030191218296651,-0.108091989281446,0.02421610524189263,225,0.05,False,False
D5,correct_direction,Mean,RF,225,-0.26666666666666666,0.029546842014263948,-0.324578477014624,-0.20875485631870933,0.029546842014263948,225,0.05,False,False
D5,correct_direction,Mean,GPR,225,-0.09333333333333334,0.019436506316151,-0.1314288857129893,-0.05523778095367738,0.019436506316151,225,0.05,False,False
D5,correct_direction,Mean,MERF,225,-0.23555555555555555,0.028352778885794197,-0.29112700217171217,-0.17998410893939892,0.028352778885794197,225,0.05,False,False
D5,correct_direction,LMM,GAM,225,-0.13777777777777778,0.02548298875817714,-0.18772443574380498,-0.08783111981175058,0.02548298875817714,225,0.05,False,False
D5,correct_direction,LMM,RF,225,-0.24888888888888888,0.02956772633999962,-0.3068416325152881,-0.19093614526248961,0.02956772633999962,225,0.05,False,False
D5,correct_direction,LMM,GPR,225,-0.07555555555555556,0.02075726854696601,-0.11623980190760894,-0.03487130920350218,0.02075726854696601,225,0.05,False,False
D5,correct_direction,LMM,MERF,225,-0.21777777777777776,0.028980319296473826,-0.27457920359886645,-0.16097635195668908,0.028980319296473826,225,0.05,False,False
D5,correct_direction,GAM,RF,225,-0.1111111111111111,0.02753865329031345,-0.16508687156012547,-0.05713535066209675,0.02753865329031345,225,0.05,False,False
D5,correct_direction,GAM,GPR,225,0.06222222222222222,0.024852297364697514,0.013511719387415091,0.11093272505702935,0.024852297364697514,225,0.05,False,False
D5,correct_direction,GAM,MERF,225,-0.08,0.027660068059919253,-0.13421373339744175,-0.02578626660255827,0.027660068059919253,225,0.05,False,False
D5,correct_direction,RF,GPR,225,0.17333333333333334,0.029627314724385297,0.11526379647353815,0.23140287019312852,0.029627314724385297,225,0.05,False,False
D5,correct_direction,RF,MERF,225,0.03111111111111111,0.023897193093384513,-0.015727387351922535,0.07794960957414476,0.023897193093384513,225,0.05,True,False
D5,correct_direction,GPR,MERF,225,-0.14222222222222222,0.027977062915587048,-0.19705726553677283,-0.08738717890767161,0.027977062915587048,225,0.05,False,False
D5,ale_standardized_irmse,Mean,LMM,225,0.2673987660717189,0.0021099819502858872,0.2632632014491586,0.27153433069427924,0.0021099819502858872,225,0.017717351121812372,False,False
D5,ale_standardized_irmse,Mean,GAM,225,0.20416401281448524,0.0026068165308398682,0.19905465241403908,0.2092733732149314,0.0026068165308398682,225,0.017717351121812372,False,False
D5,ale_standardized_irmse,Mean,RF,225,0.2489240123369901,0.0025775825507635764,0.2438719505374935,0.2539760741364867,0.0025775825507635764,225,0.017717351121812372,False,False
D5,ale_standardized_irmse,Mean,GPR,225,0.2202317774034408,0.004753776672879246,0.2109143751245975,0.2295491796822841,0.004753776672879246,225,0.017717351121812372,False,False
D5,ale_standardized_irmse,Mean,MERF,225,0.24916102463300996,0.0024863369587398106,0.24428780419387994,0.25403424507214,0.0024863369587398106,225,0.017717351121812372,False,False
D5,ale_standardized_irmse,LMM,GAM,225,-0.06323475325723366,0.001990558260868179,-0.06713624744853529,-0.05933325906593202,0.001990558260868179,225,0.007509150481088113,False,False
D5,ale_standardized_irmse,LMM,RF,225,-0.018474753734728813,0.0021300444984962857,-0.022649640951781534,-0.014299866517676093,0.0021300444984962857,225,0.0052711505049628715,False,False
D5,ale_standardized_irmse,LMM,GPR,225,-0.047166988668278086,0.0038196370551127332,-0.05465347729629904,-0.03968050004025713,0.0038196370551127332,225,0.006705762251640335,False,False
D5,ale_standardized_irmse,LMM,MERF,225,-0.018237741438708932,0.001880764318059856,-0.021924039502106252,-0.014551443375311614,0.001880764318059856,225,0.0052592998901618785,False,False
D5,ale_standardized_irmse,GAM,RF,225,0.04475999952250483,0.002159921076313016,0.04052655421293132,0.04899344483207835,0.002159921076313016,225,0.007509150481088113,False,False
D5,ale_standardized_irmse,GAM,GPR,225,0.016067764588955574,0.00352380214032088,0.009161112393926649,0.0229744167839845,0.00352380214032088,225,0.007509150481088113,False,False
D5,ale_standardized_irmse,GAM,MERF,225,0.044997011818524724,0.002144668922219579,0.04079346073097435,0.0492005629060751,0.002144668922219579,225,0.007509150481088113,False,False
D5,ale_standardized_irmse,RF,GPR,225,-0.02869223493354927,0.0038206414123303405,-0.03618069210171674,-0.021203777765381803,0.0038206414123303405,225,0.006705762251640335,False,False
D5,ale_standardized_irmse,RF,MERF,225,0.00023701229601988375,0.0012017707576482766,-0.002118458388970738,0.002592482981010506,0.0012017707576482766,225,0.0052711505049628715,True,True
D5,ale_standardized_irmse,GPR,MERF,225,0.028929247229569154,0.003755516388205156,0.02156843510868705,0.03629005935045126,0.003755516388205156,225,0.006705762251640335,False,False
D5,pd_standardized_irmse,Mean,LMM,225,0.3132074473273457,0.002327478440713145,0.30864558958354793,0.3177693050711434,0.002327478440713145,225,0.02048383289788963,False,False
D5,pd_standardized_irmse,Mean,GAM,225,0.23625334919346386,0.003036279349861375,0.23030224166773555,0.24220445671919216,0.003036279349861375,225,0.02048383289788963,False,False
D5,pd_standardized_irmse,Mean,RF,225,0.2882659123017052,0.0028880740328855385,0.28260528719724953,0.2939265374061608,0.0028880740328855385,225,0.02048383289788963,False,False
D5,pd_standardized_irmse,Mean,GPR,225,0.25339063899698877,0.005549481851024444,0.24251365456898086,0.26426762342499666,0.005549481851024444,225,0.02048383289788963,False,False
D5,pd_standardized_irmse,Mean,MERF,225,0.2881063434900096,0.002828788394332366,0.2825619182371181,0.293650768742901,0.002828788394332366,225,0.02048383289788963,False,False
D5,pd_standardized_irmse,LMM,GAM,225,-0.07695409813388183,0.0027296815286393596,-0.08230427393001498,-0.07160392233774869,0.0027296815286393596,225,0.008671165438216439,False,False
D5,pd_standardized_irmse,LMM,RF,225,-0.024941535025640477,0.0022999750085871727,-0.029449486042471336,-0.020433584008809617,0.0022999750085871727,225,0.006070537282804371,False,False
D5,pd_standardized_irmse,LMM,GPR,225,-0.05981680833035689,0.004737334731763747,-0.06910198440461383,-0.05053163225609994,0.004737334731763747,225,0.007814300948040193,False,False
D5,pd_standardized_irmse,LMM,MERF,225,-0.025101103837336058,0.0020933582837589573,-0.029204086073503614,-0.020998121601168502,0.0020933582837589573,225,0.00607851572338915,False,False
D5,pd_standardized_irmse,GAM,RF,225,0.05201256310824135,0.0021999503984241587,0.04770066032733,0.0563244658891527,0.0021999503984241587,225,0.008671165438216439,False,False
D5,pd_standardized_irmse,GAM,GPR,225,0.017137289803524948,0.004142395904976035,0.009018193829771919,0.025256385777277977,0.004142395904976035,225,0.008671165438216439,False,False
D5,pd_standardized_irmse,GAM,MERF,225,0.051852994296545774,0.002215789458815838,0.04751004695726673,0.056195941635824816,0.002215789458815838,225,0.008671165438216439,False,False
D5,pd_standardized_irmse,RF,GPR,225,-0.034875273304716396,0.004294110593592271,-0.043291730068157244,-0.026458816541275545,0.004294110593592271,225,0.007814300948040193,False,False
D5,pd_standardized_irmse,RF,MERF,225,-0.00015956881169557747,0.0012675817918740785,-0.0026440291237687713,0.002324891500377616,0.0012675817918740785,225,0.00607851572338915,True,True
D5,pd_standardized_irmse,GPR,MERF,225,0.034715704493020826,0.004195172806284274,0.02649316579270365,0.042938243193338,0.004195172806284274,225,0.007814300948040193,False,False
D6,correct_direction,Mean,LMM,200,-0.06,0.016834995854681276,-0.0929965918751753,-0.0270034081248247,0.016834995854681276,200,0.05,False,False
D6,correct_direction,Mean,GAM,200,-0.085,0.019769399225283587,-0.12374802248155584,-0.046251977518444176,0.019769399225283587,200,0.05,False,False
D6,correct_direction,Mean,RF,200,-0.15,0.025312121949531207,-0.19961175902108116,-0.10038824097891882,0.025312121949531207,200,0.05,False,False
D6,correct_direction,Mean,GPR,200,-0.13,0.02383991838372593,-0.17672624003210283,-0.08327375996789718,0.02383991838372593,200,0.05,False,False
D6,correct_direction,Mean,MERF,200,-0.21,0.028873315391699354,-0.2665916981677307,-0.15340830183226925,0.028873315391699354,200,0.05,False,False
D6,correct_direction,LMM,GAM,200,-0.025,0.023973917988484753,-0.07198887925743011,0.021988879257430115,0.023973917988484753,200,0.05,True,False
D6,correct_direction,LMM,RF,200,-0.09,0.030233596407949787,-0.14925784895958158,-0.030742151040418414,0.030233596407949787,200,0.05,False,False
D6,correct_direction,LMM,GPR,200,-0.07,0.02791768229858315,-0.12471865730522298,-0.015281342694777031,0.02791768229858315,200,0.05,False,False
D6,correct_direction,LMM,MERF,200,-0.15,0.03150336984447519,-0.21174660489517136,-0.08825339510482863,0.03150336984447519,200,0.05,False,False
D6,correct_direction,GAM,RF,200,-0.065,0.027525684670556595,-0.11895034195429093,-0.01104965804570908,0.027525684670556595,200,0.05,False,False
D6,correct_direction,GAM,GPR,200,-0.045,0.028617649261360224,-0.10109059255226605,0.011090592552266042,0.028617649261360224,200,0.05,True,False
D6,correct_direction,GAM,MERF,200,-0.125,0.02739759370279656,-0.17869928365748125,-0.07130071634251875,0.02739759370279656,200,0.05,False,False
D6,correct_direction,RF,GPR,200,0.02,0.03321923521003604,-0.045109701011670625,0.08510970101167063,0.03321923521003604,200,0.05,True,False
D6,correct_direction,RF,MERF,200,-0.06,0.0337296374455916,-0.12611008939335955,0.0061100893933595385,0.0337296374455916,200,0.05,False,False
D6,correct_direction,GPR,MERF,200,-0.08,0.0370792984272801,-0.152675424917469,-0.00732457508253101,0.0370792984272801,200,0.05,False,False
D6,ale_standardized_irmse,Mean,LMM,200,0.45133349603842476,0.002431231218740921,0.4465682828496926,0.45609870922715695,0.002431231218740921,200,0.029215806313483618,False,False
D6,ale_standardized_irmse,Mean,GAM,200,0.3308467801242277,0.0028177601146101273,0.3253239702995918,0.33636958994886357,0.0028177601146101273,200,0.029215806313483618,False,False
D6,ale_standardized_irmse,Mean,RF,200,0.4528007132095617,0.0031790284027874947,0.4465698175400982,0.4590316088790252,0.0031790284027874947,200,0.029215806313483618,False,False
D6,ale_standardized_irmse,Mean,GPR,200,0.4607336175339097,0.0052250457292963935,0.45049252790448874,0.4709747071633306,0.0052250457292963935,200,0.029215806313483618,False,False
D6,ale_standardized_irmse,Mean,MERF,200,0.42438748338760346,0.0026146713362367718,0.4192627275685794,0.4295122392066275,0.0026146713362367718,200,0.029215806313483618,False,False
D6,ale_standardized_irmse,LMM,GAM,200,-0.12048671591419707,0.00225354669292807,-0.1249036674323361,-0.11606976439605805,0.00225354669292807,200,0.012673467307272233,False,False
D6,ale_standardized_irmse,LMM,RF,200,0.0014672171711369597,0.0026284535677500035,-0.003684551821653047,0.006618986163926966,0.0026284535677500035,200,0.006649131511562378,True,True
D6,ale_standardized_irmse,LMM,GPR,200,0.009400121495484885,0.004519403512437517,0.0005420906111073525,0.01825815237986242,0.004519403512437517,200,0.006649131511562378,False,False
D6,ale_standardized_irmse,LMM,MERF,200,-0.026946012650821326,0.0018739434221944145,-0.030618941758322377,-0.023273083543320274,0.0018739434221944145,200,0.007996432144103444,False,False
D6,ale_standardized_irmse,GAM,RF,200,0.12195393308533403,0.0017301305500320328,0.11856287720727125,0.12534498896339683,0.0017301305500320328,200,0.012673467307272233,False,False
D6,ale_standardized_irmse,GAM,GPR,200,0.12988683740968196,0.004072501023036568,0.12190473540453028,0.13786893941483364,0.004072501023036568,200,0.012673467307272233,False,False
D6,ale_standardized_irmse,GAM,MERF,200,0.09354070326337574,0.0022633444557915274,0.08910454813002434,0.09797685839672714,0.0022633444557915274,200,0.012673467307272233,False,False
D6,ale_standardized_irmse,RF,GPR,200,0.007932904324347926,0.003883598614005347,0.00032105104089744704,0.015544757607798405,0.003883598614005347,200,0.006575770653005531,False,False
D6,ale_standardized_irmse,RF,MERF,200,-0.028413229821958284,0.0021736406821288804,-0.03267356555893089,-0.02415289408498568,0.0021736406821288804,200,0.007996432144103444,False,False
D6,ale_standardized_irmse,GPR,MERF,200,-0.03634613414630621,0.004019021469087789,-0.04422341622571828,-0.028468852066894146,0.004019021469087789,200,0.007996432144103444,False,False
D6,pd_standardized_irmse,Mean,LMM,200,0.5348122156878052,0.002680067572676998,0.5295592832453583,0.5400651481302522,0.002680067572676998,200,0.03369394474844089,False,False
D6,pd_standardized_irmse,Mean,GAM,200,0.3806338732775195,0.003353879962465767,0.3740602685510866,0.38720747800395244,0.003353879962465767,200,0.03369394474844089,False,False
D6,pd_standardized_irmse,Mean,RF,200,0.5129888856279795,0.0037419789173056893,0.5056546069500604,0.5203231643058986,0.0037419789173056893,200,0.03369394474844089,False,False
D6,pd_standardized_irmse,Mean,GPR,200,0.535061725015884,0.006071289089716017,0.5231619984000406,0.5469614516317274,0.006071289089716017,200,0.03369394474844089,False,False
D6,pd_standardized_irmse,Mean,MERF,200,0.47628632489529865,0.002988240112930981,0.4704293742739539,0.4821432755166434,0.002988240112930981,200,0.03369394474844089,False,False
D6,pd_standardized_irmse,LMM,GAM,200,-0.1541783424102857,0.0024629096091169176,-0.15900564524415484,-0.14935103957641654,0.0024629096091169176,200,0.014662251084564919,False,False
D6,pd_standardized_irmse,LMM,RF,200,-0.02182333005982568,0.0026926271517845237,-0.027100879277323346,-0.016545780842328016,0.0026926271517845237,200,0.008044500467041913,False,False
D6,pd_standardized_irmse,LMM,GPR,200,0.0002495093280788449,0.005022071429892301,-0.009593750674510064,0.010092769330667755,0.005022071429892301,200,0.006953333964050632,True,False
D6,pd_standardized_irmse,LMM,MERF,200,-0.058525890792506544,0.001888203506076988,-0.06222676966441744,-0.05482501192059565,0.001888203506076988,200,0.009879628503675957,False,False
D6,pd_standardized_irmse,GAM,RF,200,0.13235501235046002,0.0016274962255702712,0.12916511974834227,0.13554490495257776,0.0016274962255702712,200,0.014662251084564919,False,False
D6,pd_standardized_irmse,GAM,GPR,200,0.15442785173836454,0.004653507531896083,0.1453069769758482,0.16354872650088087,0.004653507531896083,200,0.014662251084564919,False,False
D6,pd_standardized_irmse,GAM,MERF,200,0.09565245161777916,0.0024788531297123407,0.09079389948354297,0.10051100375201535,0.0024788531297123407,200,0.014662251084564919,False,False
D6,pd_standardized_irmse,RF,GPR,200,0.022072839387904525,0.004264611913396691,0.01371420003764701,0.03043147873816204,0.004264611913396691,200,0.008044500467041913,False,False
D6,pd_standardized_irmse,RF,MERF,200,-0.03670256073268086,0.002413956422306652,-0.0414339153204019,-0.031971206144959824,0.002413956422306652,200,0.009879628503675957,False,False
D6,pd_standardized_irmse,GPR,MERF,200,-0.05877540012058539,0.004534210172102692,-0.06766245205790666,-0.04988834818326411,0.004534210172102692,200,0.009879628503675957,False,False
D7,false_arrow,Mean,LMM,200,0.0,0.0,0.0,0.0,0.0,200,0.05,True,True
D7,false_arrow,Mean,GAM,200,-0.095,0.020785455873744915,-0.13573949351254003,-0.05426050648745997,0.020785455873744915,200,0.05,False,False
D7,false_arrow,Mean,RF,200,-0.075,0.018671317319682114,-0.11159578194657693,-0.038404218053423055,0.018671317319682114,200,0.05,False,False
D7,false_arrow,Mean,GPR,200,0.0,0.0,0.0,0.0,0.0,200,0.05,True,True
D7,false_arrow,Mean,MERF,200,-0.07,0.018086892447072265,-0.10545030919626164,-0.03454969080373837,0.018086892447072265,200,0.05,False,False
D7,false_arrow,LMM,GAM,200,-0.095,0.020785455873744915,-0.13573949351254003,-0.05426050648745997,0.020785455873744915,200,0.05,False,False
D7,false_arrow,LMM,RF,200,-0.075,0.018671317319682114,-0.11159578194657693,-0.038404218053423055,0.018671317319682114,200,0.05,False,False
D7,false_arrow,LMM,GPR,200,0.0,0.0,0.0,0.0,0.0,200,0.05,True,True
D7,false_arrow,LMM,MERF,200,-0.07,0.018086892447072265,-0.10545030919626164,-0.03454969080373837,0.018086892447072265,200,0.05,False,False
D7,false_arrow,GAM,RF,200,0.02,0.026485987572458798,-0.03191253564201925,0.07191253564201924,0.026485987572458798,200,0.05,True,False
D7,false_arrow,GAM,GPR,200,0.095,0.020785455873744915,0.05426050648745997,0.13573949351254003,0.020785455873744915,200,0.05,False,False
D7,false_arrow,GAM,MERF,200,0.025,0.025985597093032265,-0.02593177030234324,0.07593177030234324,0.025985597093032265,200,0.05,True,False
D7,false_arrow,RF,GPR,200,0.075,0.018671317319682114,0.038404218053423055,0.11159578194657693,0.018671317319682114,200,0.05,False,False
D7,false_arrow,RF,MERF,200,0.005,0.018069519575474112,-0.030416258367929255,0.04041625836792925,0.018069519575474112,200,0.05,True,True
D7,false_arrow,GPR,MERF,200,-0.07,0.018086892447072265,-0.10545030919626164,-0.03454969080373837,0.018086892447072265,200,0.05,False,False
D7,ale_standardized_irmse,Mean,LMM,200,-0.03686674165627528,0.0018963724854762112,-0.040583631727808656,-0.0331498515847419,0.0018963724854762112,200,0.001843337082813764,False,False
D7,ale_standardized_irmse,Mean,GAM,200,-0.11663026070942922,0.0020377032031505472,-0.1206241589876043,-0.11263636243125415,0.0020377032031505472,200,0.005831513035471462,False,False
D7,ale_standardized_irmse,Mean,RF,200,-0.08922908088514385,0.00221682778629045,-0.09357406334627313,-0.08488409842401456,0.00221682778629045,200,0.004461454044257193,False,False
D7,ale_standardized_irmse,Mean,GPR,200,-0.018686801930156868,0.0015846160369079958,-0.02179264936249654,-0.015580954497817196,0.0015846160369079958,200,0.0009343400965078435,False,False
D7,ale_standardized_irmse,Mean,MERF,200,-0.09249332303005715,0.001995661270852973,-0.09640481912092898,-0.08858182693918533,0.001995661270852973,200,0.0046246661515028575,False,False
D7,ale_standardized_irmse,LMM,GAM,200,-0.07976351905315394,0.0026028312426189565,-0.0848650682886871,-0.07466196981762079,0.0026028312426189565,200,0.005831513035471462,False,False
D7,ale_standardized_irmse,LMM,RF,200,-0.05236233922886857,0.002698532061394825,-0.05765146206920243,-0.04707321638853471,0.002698532061394825,200,0.004461454044257193,False,False
D7,ale_standardized_irmse,LMM,GPR,200,0.018179939726118408,0.0014402851798491208,0.01535698077361413,0.021002898678622685,0.0014402851798491208,200,0.001843337082813764,False,False
D7,ale_standardized_irmse,LMM,MERF,200,-0.055626581373781875,0.0025112278806661476,-0.06054858801988752,-0.05070457472767623,0.0025112278806661476,200,0.0046246661515028575,False,False
D7,ale_standardized_irmse,GAM,RF,200,0.02740117982428537,0.0010354242130303647,0.025371748366745855,0.029430611281824885,0.0010354242130303647,200,0.005831513035471462,False,False
D7,ale_standardized_irmse,GAM,GPR,200,0.09794345877927235,0.002241031037413604,0.09355103794594169,0.10233587961260301,0.002241031037413604,200,0.005831513035471462,False,False
D7,ale_standardized_irmse,GAM,MERF,200,0.024136937679372066,0.001130821788095609,0.021920526974704674,0.02635334838403946,0.001130821788095609,200,0.005831513035471462,False,False
D7,ale_standardized_irmse,RF,GPR,200,0.07054227895498698,0.0023722388541335595,0.0658926908008852,0.07519186710908876,0.0023722388541335595,200,0.004461454044257193,False,False
D7,ale_standardized_irmse,RF,MERF,200,-0.003264242144913303,0.0008988825369088244,-0.005026051917254599,-0.001502432372572007,0.0008988825369088244,200,0.0046246661515028575,True,False
D7,ale_standardized_irmse,GPR,MERF,200,-0.07380652109990028,0.0021860482396927807,-0.07809117564969813,-0.06952186655010244,0.0021860482396927807,200,0.0046246661515028575,False,False
D7,pd_standardized_irmse,Mean,LMM,200,-0.04494127620280033,0.0023166088972081046,-0.04948182964132821,-0.040400722764272444,0.0023166088972081046,200,0.0022470638101400164,False,False
D7,pd_standardized_irmse,Mean,GAM,200,-0.13711620694529655,0.00241022907900314,-0.1418402559401427,-0.1323921579504504,0.00241022907900314,200,0.006855810347264828,False,False
D7,pd_standardized_irmse,Mean,RF,200,-0.12281605467609079,0.00250102140603461,-0.12771805663191863,-0.11791405272026295,0.00250102140603461,200,0.00614080273380454,False,False
D7,pd_standardized_irmse,Mean,GPR,200,-0.022985043646061312,0.001981377089701866,-0.02686854274187697,-0.019101544550245656,0.001981377089701866,200,0.0011492521823030656,False,False
D7,pd_standardized_irmse,Mean,MERF,200,-0.12487475486157087,0.002233686675800582,-0.12925278074614002,-0.12049672897700173,0.002233686675800582,200,0.006243737743078544,False,False
D7,pd_standardized_irmse,LMM,GAM,200,-0.09217493074249622,0.0030933093753527383,-0.09823781711818759,-0.08611204436680485,0.0030933093753527383,200,0.006855810347264828,False,False
D7,pd_standardized_irmse,LMM,RF,200,-0.07787477847329045,0.0031540955400721636,-0.0840568057318319,-0.07169275121474901,0.0031540955400721636,200,0.00614080273380454,False,False
D7,pd_standardized_irmse,LMM,GPR,200,0.02195623255673901,0.001803334212446187,0.018421697500344485,0.025490767613133538,0.001803334212446187,200,0.0022470638101400164,False,False
D7,pd_standardized_irmse,LMM,MERF,200,-0.07993347865877055,0.0029421254116564774,-0.08570004446561726,-0.07416691285192385,0.0029421254116564774,200,0.006243737743078544,False,False
D7,pd_standardized_irmse,GAM,RF,200,0.014300152269205758,0.0011942037815741776,0.01195951285732037,0.016640791681091147,0.0011942037815741776,200,0.006855810347264828,False,False
D7,pd_standardized_irmse,GAM,GPR,200,0.11413116329923521,0.002668525516398388,0.10890085328709437,0.11936147331137606,0.002668525516398388,200,0.006855810347264828,False,False
D7,pd_standardized_irmse,GAM,MERF,200,0.012241452083725669,0.0013352288060982382,0.009624403623773122,0.014858500543678215,0.0013352288060982382,200,0.006855810347264828,False,False
D7,pd_standardized_irmse,RF,GPR,200,0.09983101103002948,0.0027296099232313794,0.09448097558049598,0.10518104647956297,0.0027296099232313794,200,0.00614080273380454,False,False
D7,pd_standardized_irmse,RF,MERF,200,-0.0020587001854800897,0.0010148560950792049,-0.004047818131835331,-6.958223912484829e-05,0.0010148560950792049,200,0.006243737743078544,True,True
D7,pd_standardized_irmse,GPR,MERF,200,-0.10188971121550956,0.0025011511403965937,-0.10679196745068689,-0.09698745498033223,0.0025011511403965937,200,0.006243737743078544,False,False
D8,false_arrow,Mean,LMM,225,-0.04888888888888889,0.014407767844133279,-0.07712811386339012,-0.020649663914387665,0.014407767844133279,225,0.05,True,False
D8,false_arrow,Mean,GAM,225,-0.09777777777777778,0.01984507899943528,-0.13667413261667094,-0.05888142293888463,0.01984507899943528,225,0.05,False,False
D8,false_arrow,Mean,RF,225,-0.18222222222222223,0.025792551869142352,-0.23277562388574125,-0.13166882055870321,0.025792551869142352,225,0.05,False,False
D8,false_arrow,Mean,GPR,225,-0.11555555555555555,0.02136026738895582,-0.15742167963790896,-0.07368943147320214,0.02136026738895582,225,0.05,False,False
D8,false_arrow,Mean,MERF,225,-0.24444444444444444,0.028714369071627846,-0.300724607824835,-0.18816428106405386,0.028714369071627846,225,0.05,False,False
D8,false_arrow,LMM,GAM,225,-0.04888888888888889,0.023763977600420726,-0.09546628498571352,-0.0023114927920642667,0.023763977600420726,225,0.05,True,False
D8,false_arrow,LMM,RF,225,-0.13333333333333333,0.029546842014263944,-0.19124514368129067,-0.075421522985376,0.029546842014263944,225,0.05,False,False
D8,false_arrow,LMM,GPR,225,-0.06666666666666667,0.02519763153394848,-0.11605402447320569,-0.017279308860127643,0.02519763153394848,225,0.05,False,False
D8,false_arrow,LMM,MERF,225,-0.19555555555555557,0.03193357302933315,-0.25814535869304855,-0.1329657524180626,0.03193357302933315,225,0.05,False,False
D8,false_arrow,GAM,RF,225,-0.08444444444444445,0.027958144579433648,-0.1392424078201344,-0.029646481068754497,0.027958144579433648,225,0.05,False,False
D8,false_arrow,GAM,GPR,225,-0.017777777777777778,0.028843064999910555,-0.07431018517760246,0.03875462962204691,0.028843064999910555,225,0.05,True,False
D8,false_arrow,GAM,MERF,225,-0.14666666666666667,0.028922446931543267,-0.20335466265249147,-0.08997867068084187,0.028922446931543267,225,0.05,False,False
D8,false_arrow,RF,GPR,225,0.06666666666666667,0.030210898905832187,0.00745330481123558,0.12588002852209776,0.030210898905832187,225,0.05,False,False
D8,false_arrow,RF,MERF,225,-0.06222222222222222,0.02404067687526313,-0.10934194889773796,-0.015102495546706486,0.02404067687526313,225,0.05,False,False
D8,false_arrow,GPR,MERF,225,-0.1288888888888889,0.033113028601131154,-0.19379042494710597,-0.06398735283067182,0.033113028601131154,225,0.05,False,False
D8,ale_standardized_irmse,Mean,LMM,225,-0.3718118206979755,0.0037309278394116116,-0.37912443926322226,-0.3644992021327288,0.0037309278394116116,225,0.01859059103489878,False,False
D8,ale_standardized_irmse,Mean,GAM,225,-0.22092583038197028,0.0027095399992639884,-0.2262365287805277,-0.21561513198341287,0.0027095399992639884,225,0.011046291519098514,False,False
D8,ale_standardized_irmse,Mean,RF,225,-0.32110258650053464,0.004023015946067395,-0.3289876977548267,-0.31321747524624255,0.004023015946067395,225,0.016055129325026733,False,False
D8,ale_standardized_irmse,Mean,GPR,225,-0.2854004037935096,0.006528343462650034,-0.29819595698030366,-0.2726048506067156,0.006528343462650034,225,0.014270020189675481,False,False
D8,ale_standardized_irmse,Mean,MERF,225,-0.3115814365445863,0.0036538807867778924,-0.318743042886671,-0.30441983020250163,0.0036538807867778924,225,0.015579071827229316,False,False
D8,ale_standardized_irmse,LMM,GAM,225,0.1508859903160052,0.002318649820614479,0.1463414366676008,0.15543054396440958,0.002318649820614479,225,0.01859059103489878,False,False
D8,ale_standardized_irmse,LMM,RF,225,0.05070923419744086,0.002784267266027038,0.045252070356027865,0.05616639803885386,0.002784267266027038,225,0.01859059103489878,False,False
D8,ale_standardized_irmse,LMM,GPR,225,0.08641141690446592,0.004447048278794183,0.07769520227802933,0.09512763153090252,0.004447048278794183,225,0.01859059103489878,False,False
D8,ale_standardized_irmse,LMM,MERF,225,0.06023038415338918,0.0024023480693868256,0.055521781937391004,0.06493898636938736,0.0024023480693868256,225,0.01859059103489878,False,False
D8,ale_standardized_irmse,GAM,RF,225,-0.10017675611856434,0.0018038625168913757,-0.10371232665167145,-0.09664118558545724,0.0018038625168913757,225,0.016055129325026733,False,False
D8,ale_standardized_irmse,GAM,GPR,225,-0.06447457341153931,0.004692558091671113,-0.07367198727121468,-0.05527715955186393,0.004692558091671113,225,0.014270020189675481,False,False
D8,ale_standardized_irmse,GAM,MERF,225,-0.09065560616261602,0.001812999783699681,-0.09420908573866739,-0.08710212658656465,0.001812999783699681,225,0.015579071827229316,False,False
D8,ale_standardized_irmse,RF,GPR,225,0.035702182707025056,0.004189590445754365,0.027490585433346502,0.04391377998070361,0.004189590445754365,225,0.016055129325026733,False,False
D8,ale_standardized_irmse,RF,MERF,225,0.009521149955948329,0.001282326906759006,0.007007789218700677,0.012034510693195982,0.001282326906759006,225,0.016055129325026733,True,True
D8,ale_standardized_irmse,GPR,MERF,225,-0.026181032751076725,0.0043587294781304705,-0.034724142528212446,-0.017637922973941005,0.0043587294781304705,225,0.015579071827229316,False,False
D8,pd_standardized_irmse,Mean,LMM,225,-0.45455582144306,0.0047509102693600765,-0.46386760557100576,-0.44524403731511425,0.0047509102693600765,225,0.022727791072153003,False,False
D8,pd_standardized_irmse,Mean,GAM,225,-0.25949377479435554,0.0031702812673880263,-0.26570752607843606,-0.253280023510275,0.0031702812673880263,225,0.012974688739717778,False,False
D8,pd_standardized_irmse,Mean,RF,225,-0.3854251862559502,0.00456652618194554,-0.3943755775725634,-0.37647479493933694,0.00456652618194554,225,0.01927125931279751,False,False
D8,pd_standardized_irmse,Mean,GPR,225,-0.3433276058853561,0.008007121794974764,-0.35902156460350665,-0.32763364716720556,0.008007121794974764,225,0.017166380294267806,False,False
D8,pd_standardized_irmse,Mean,MERF,225,-0.3717255219875085,0.004119801989849454,-0.3798003338876135,-0.3636507100874036,0.004119801989849454,225,0.018586276099375427,False,False
D8,pd_standardized_irmse,LMM,GAM,225,0.19506204664870444,0.0028798989025712925,0.1894174447996647,0.20070664849774417,0.0028798989025712925,225,0.022727791072153003,False,False
D8,pd_standardized_irmse,LMM,RF,225,0.0691306351871098,0.0028706173448240233,0.0635042251912547,0.07475704518296489,0.0028706173448240233,225,0.022727791072153003,False,False
D8,pd_standardized_irmse,LMM,GPR,225,0.11122821555770385,0.005271451365959001,0.10089617088042421,0.12156026023498348,0.005271451365959001,225,0.022727791072153003,False,False
D8,pd_standardized_irmse,LMM,MERF,225,0.0828302994555515,0.0024641830509945385,0.0780005006756022,0.08766009823550079,0.0024641830509945385,225,0.022727791072153003,False,False
D8,pd_standardized_irmse,GAM,RF,225,-0.12593141146159464,0.0018760667585336678,-0.12960850230832063,-0.12225432061486866,0.0018760667585336678,225,0.01927125931279751,False,False
D8,pd_standardized_irmse,GAM,GPR,225,-0.08383383109100058,0.005755831926702438,-0.09511526166733736,-0.0725524005146638,0.005755831926702438,225,0.017166380294267806,False,False
D8,pd_standardized_irmse,GAM,MERF,225,-0.11223174719315296,0.0018839037340200502,-0.11592419851183226,-0.10853929587447365,0.0018839037340200502,225,0.018586276099375427,False,False
D8,pd_standardized_irmse,RF,GPR,225,0.042097580370594065,0.005026458446967636,0.0322457218145375,0.05194943892665063,0.005026458446967636,225,0.01927125931279751,False,False
D8,pd_standardized_irmse,RF,MERF,225,0.013699664268441717,0.0014538469907975989,0.010850124166478424,0.01654920437040501,0.0014538469907975989,225,0.01927125931279751,True,True
D8,pd_standardized_irmse,GPR,MERF,225,-0.028397916102152344,0.005263034755911717,-0.03871346422373931,-0.01808236798056538,0.005263034755911717,225,0.018586276099375427,False,False
D9,correct_direction,Mean,LMM,200,-0.16,0.02598801424545766,-0.21093650792109703,-0.10906349207890298,0.02598801424545766,200,0.05,False,False
D9,correct_direction,Mean,GAM,200,-0.145,0.024959766620478316,-0.1939211425761375,-0.09607885742386249,0.024959766620478316,200,0.05,False,False
D9,correct_direction,Mean,RF,200,-0.16,0.02598801424545766,-0.21093650792109703,-0.10906349207890298,0.02598801424545766,200,0.05,False,False
D9,correct_direction,Mean,GPR,200,-0.03,0.012092607484694706,-0.05370151067000162,-0.006298489329998377,0.012092607484694706,200,0.05,True,False
D9,correct_direction,Mean,MERF,200,-0.17,0.026627903149340413,-0.2221906901727072,-0.1178093098272928,0.026627903149340413,200,0.05,False,False
D9,correct_direction,LMM,GAM,200,0.015,0.0336083711754278,-0.05087240750383849,0.08087240750383849,0.0336083711754278,200,0.05,True,False
D9,correct_direction,LMM,RF,200,0.0,0.030075282427025132,-0.058947553556969255,0.058947553556969255,0.030075282427025132,200,0.05,True,False
D9,correct_direction,LMM,GPR,200,0.13,0.029493206781073433,0.07219331470909607,0.18780668529090394,0.029493206781073433,200,0.05,False,False
D9,correct_direction,LMM,MERF,200,-0.01,0.030891282860767047,-0.07054691440710341,0.05054691440710341,0.030891282860767047,200,0.05,True,False
D9,correct_direction,GAM,RF,200,-0.015,0.028775251091465462,-0.0713994921392723,0.041399492139272305,0.028775251091465462,200,0.05,True,False
D9,correct_direction,GAM,GPR,200,0.115,0.02851209740605665,0.05911628908412897,0.17088371091587104,0.02851209740605665,200,0.05,False,False
D9,correct_direction,GAM,MERF,200,-0.025,0.02874030314950815,-0.08133099417303598,0.031330994173035975,0.02874030314950815,200,0.05,True,False
D9,correct_direction,RF,GPR,200,0.13,0.028628621866058253,0.07388790114252583,0.18611209885747418,0.028628621866058253,200,0.05,False,False
D9,correct_direction,RF,MERF,200,-0.01,0.021254618179817986,-0.051659051632443255,0.03165905163244325,0.021254618179817986,200,0.05,True,False
D9,correct_direction,GPR,MERF,200,-0.14,0.029262286428698218,-0.19735408140024852,-0.08264591859975151,0.029262286428698218,200,0.05,False,False
D9,ale_standardized_irmse,Mean,LMM,200,0.44071372393073543,0.003875607339297306,0.4331175335457127,0.4483099143157582,0.003875607339297306,200,0.029235967941530817,False,False
D9,ale_standardized_irmse,Mean,GAM,200,0.2561662598949119,0.0033501033000356544,0.249600057426842,0.26273246236298176,0.0033501033000356544,200,0.029235967941530817,False,False
D9,ale_standardized_irmse,Mean,RF,200,0.40606245211638325,0.004119809039771702,0.3979876263984307,0.4141372778343358,0.004119809039771702,200,0.029235967941530817,False,False
D9,ale_standardized_irmse,Mean,GPR,200,0.3849860473038939,0.007868279785328941,0.3695642189246492,0.4004078756831386,0.007868279785328941,200,0.029235967941530817,False,False
D9,ale_standardized_irmse,Mean,MERF,200,0.3973843489823811,0.004032612301826898,0.3894804288708004,0.4052882690939618,0.004032612301826898,200,0.029235967941530817,False,False
D9,ale_standardized_irmse,LMM,GAM,200,-0.18454746403582362,0.0028061086806996445,-0.1900474370499949,-0.17904749102165232,0.0028061086806996445,200,0.016427654946785226,False,False
D9,ale_standardized_irmse,LMM,RF,200,-0.03465127181435232,0.0028311403012854135,-0.04020030680487173,-0.029102236823832908,0.0028311403012854135,200,0.008932845335711658,False,False
D9,ale_standardized_irmse,LMM,GPR,200,-0.05572767662684162,0.005915274130169924,-0.06732161392197467,-0.04413373933170857,0.005915274130169924,200,0.009986665576336123,False,False
D9,ale_standardized_irmse,LMM,MERF,200,-0.04332937494835438,0.0028481889075068476,-0.0489118252070678,-0.03774692468964096,0.0028481889075068476,200,0.009366750492411762,False,False
D9,ale_standardized_irmse,GAM,RF,200,0.1498961922214713,0.002319467133273018,0.14535003664025617,0.15444234780268642,0.002319467133273018,200,0.016427654946785226,False,False
D9,ale_standardized_irmse,GAM,GPR,200,0.12881978740898198,0.005814115841054147,0.11742412036051585,0.1402154544574481,0.005814115841054147,200,0.016427654946785226,False,False
D9,ale_standardized_irmse,GAM,MERF,200,0.14121808908746925,0.0022642920461263,0.13678007667706168,0.1456561014978768,0.0022642920461263,200,0.016427654946785226,False,False
D9,ale_standardized_irmse,RF,GPR,200,-0.021076404812489295,0.005458410535066571,-0.03177488946121977,-0.010377920163758814,0.005458410535066571,200,0.009986665576336123,False,False
D9,ale_standardized_irmse,RF,MERF,200,-0.008678103134002055,0.0010366940342571972,-0.010710023441146162,-0.006646182826857949,0.0010366940342571972,200,0.009366750492411762,True,False
D9,ale_standardized_irmse,GPR,MERF,200,0.012398301678487243,0.005582901105657602,0.001455815511398343,0.023340787845576142,0.005582901105657602,200,0.009986665576336123,False,False
D9,pd_standardized_irmse,Mean,LMM,200,0.517102492971146,0.004197861904743124,0.5088746836378495,0.5253303023044424,0.004197861904743124,200,0.033658695300217,False,False
D9,pd_standardized_irmse,Mean,GAM,200,0.2925935406804663,0.0038142529755809886,0.28511760484832754,0.300069476512605,0.0038142529755809886,200,0.033658695300217,False,False
D9,pd_standardized_irmse,Mean,RF,200,0.46280403657815483,0.004600960373607211,0.4537861542458847,0.47182191891042496,0.004600960373607211,200,0.033658695300217,False,False
D9,pd_standardized_irmse,Mean,GPR,200,0.4386497309152253,0.009231251975968757,0.4205564770423265,0.4567429847881241,0.009231251975968757,200,0.033658695300217,False,False
D9,pd_standardized_irmse,Mean,MERF,200,0.4512435149681698,0.004453325645905932,0.44251499670219413,0.4599720332341454,0.004453325645905932,200,0.033658695300217,False,False
D9,pd_standardized_irmse,LMM,GAM,200,-0.22450895229067971,0.0033299406171328045,-0.23103563590026002,-0.2179822686810994,0.0033299406171328045,200,0.019029018266193687,False,False
D9,pd_standardized_irmse,LMM,RF,200,-0.054298456392991155,0.003044667873097361,-0.060266005424261984,-0.04833090736172033,0.003044667873097361,200,0.01051849347130926,False,False
D9,pd_standardized_irmse,LMM,GPR,200,-0.07845276205592068,0.007066049028813661,-0.09230221815239545,-0.06460330595944591,0.007066049028813661,200,0.011726208754455738,False,False
D9,pd_standardized_irmse,LMM,MERF,200,-0.06585897800297627,0.0030595233371695737,-0.07185564374382863,-0.05986231226212391,0.0030595233371695737,200,0.011096519551808516,False,False
D9,pd_standardized_irmse,GAM,RF,200,0.17021049589768858,0.002227845204402488,0.16584391929705972,0.17457707249831744,0.002227845204402488,200,0.019029018266193687,False,False
D9,pd_standardized_irmse,GAM,GPR,200,0.14605619023475902,0.006910402368331602,0.13251180159282908,0.15960057887668896,0.006910402368331602,200,0.019029018266193687,False,False
D9,pd_standardized_irmse,GAM,MERF,200,0.15864997428770344,0.0021989004720799022,0.15434012936242683,0.16295981921298006,0.0021989004720799022,200,0.019029018266193687,False,False
D9,pd_standardized_irmse,RF,GPR,200,-0.024154305662929535,0.00638325483979729,-0.036665485148932225,-0.011643126176926847,0.00638325483979729,200,0.011726208754455738,False,False
D9,pd_standardized_irmse,RF,MERF,200,-0.011560521609985119,0.0011247558859555401,-0.013765043146457977,-0.00935600007351226,0.0011247558859555401,200,0.011096519551808516,False,False
D9,pd_standardized_irmse,GPR,MERF,200,0.012593784052944418,0.006574203014153991,-0.0002916538547974041,0.025479221960686242,0.006574203014153991,200,0.011726208754455738,False,False
