scenario,model,truth,identifiable,state,n
D0,GAM,no_edge,True,A_to_B,1
D0,GAM,no_edge,True,B_to_A,1
D0,GAM,no_edge,True,no_edge,193
D0,GAM,no_edge,True,unresolved,5
D0,GPR,no_edge,True,no_edge,168
D0,GPR,no_edge,True,unresolved,32
D0,LMM,no_edge,True,no_edge,200
D0,MERF,no_edge,True,A_to_B,2
D0,MERF,no_edge,True,B_to_A,1
D0,MERF,no_edge,True,no_edge,181
D0,MERF,no_edge,True,unresolved,16
D0,Mean,no_edge,True,no_edge,200
D0,RF,no_edge,True,A_to_B,1
D0,RF,no_edge,True,B_to_A,3
D0,RF,no_edge,True,no_edge,179
D0,RF,no_edge,True,unresolved,17
D1,GAM,A_to_B,False,A_to_B,3
D1,GAM,A_to_B,False,B_to_A,5
D1,GAM,A_to_B,False,unresolved,92
D1,GAM,B_to_A,False,A_to_B,3
D1,GAM,B_to_A,False,B_to_A,6
D1,GAM,B_to_A,False,unresolved,91
D1,GPR,A_to_B,False,A_to_B,3
D1,GPR,A_to_B,False,B_to_A,12
D1,GPR,A_to_B,False,unresolved,85
D1,GPR,B_to_A,False,A_to_B,13
D1,GPR,B_to_A,False,B_to_A,6
D1,GPR,B_to_A,False,unresolved,81
D1,LMM,A_to_B,False,A_to_B,5
D1,LMM,A_to_B,False,B_to_A,7
D1,LMM,A_to_B,False,unresolved,88
D1,LMM,B_to_A,False,A_to_B,5
D1,LMM,B_to_A,False,B_to_A,4
D1,LMM,B_to_A,False,unresolved,91
D1,MERF,A_to_B,False,A_to_B,9
D1,MERF,A_to_B,False,B_to_A,16
D1,MERF,A_to_B,False,unresolved,75
D1,MERF,B_to_A,False,A_to_B,5
D1,MERF,B_to_A,False,B_to_A,10
D1,MERF,B_to_A,False,unresolved,85
D1,Mean,A_to_B,False,no_edge,100
D1,Mean,B_to_A,False,no_edge,100
D1,RF,A_to_B,False,A_to_B,6
D1,RF,A_to_B,False,B_to_A,11
D1,RF,A_to_B,False,unresolved,83
D1,RF,B_to_A,False,A_to_B,10
D1,RF,B_to_A,False,B_to_A,12
D1,RF,B_to_A,False,unresolved,78
D10,GAM,A_to_B,True,A_to_B,11
D10,GAM,A_to_B,True,B_to_A,3
D10,GAM,A_to_B,True,unresolved,86
D10,GAM,B_to_A,True,A_to_B,2
D10,GAM,B_to_A,True,B_to_A,13
D10,GAM,B_to_A,True,unresolved,85
D10,GPR,A_to_B,True,A_to_B,6
D10,GPR,A_to_B,True,B_to_A,3
D10,GPR,A_to_B,True,unresolved,91
D10,GPR,B_to_A,True,A_to_B,7
D10,GPR,B_to_A,True,B_to_A,7
D10,GPR,B_to_A,True,unresolved,86
D10,LMM,A_to_B,True,A_to_B,3
D10,LMM,A_to_B,True,B_to_A,4
D10,LMM,A_to_B,True,unresolved,93
D10,LMM,B_to_A,True,A_to_B,5
D10,LMM,B_to_A,True,B_to_A,5
D10,LMM,B_to_A,True,unresolved,90
D10,MERF,A_to_B,True,A_to_B,5
D10,MERF,A_to_B,True,B_to_A,6
D10,MERF,A_to_B,True,unresolved,89
D10,MERF,B_to_A,True,A_to_B,6
D10,MERF,B_to_A,True,B_to_A,5
D10,MERF,B_to_A,True,unresolved,89
D10,Mean,A_to_B,True,no_edge,100
D10,Mean,B_to_A,True,no_edge,100
D10,RF,A_to_B,True,A_to_B,6
D10,RF,A_to_B,True,B_to_A,4
D10,RF,A_to_B,True,unresolved,90
D10,RF,B_to_A,True,A_to_B,8
D10,RF,B_to_A,True,B_to_A,6
D10,RF,B_to_A,True,unresolved,86
D2,GAM,A_to_B,True,A_to_B,3
D2,GAM,A_to_B,True,B_to_A,19
D2,GAM,A_to_B,True,unresolved,91
D2,GAM,B_to_A,True,A_to_B,19
D2,GAM,B_to_A,True,unresolved,93
D2,GPR,A_to_B,True,A_to_B,15
D2,GPR,A_to_B,True,B_to_A,4
D2,GPR,A_to_B,True,unresolved,94
D2,GPR,B_to_A,True,A_to_B,2
D2,GPR,B_to_A,True,B_to_A,32
D2,GPR,B_to_A,True,unresolved,78
D2,LMM,A_to_B,True,A_to_B,26
D2,LMM,A_to_B,True,B_to_A,4
D2,LMM,A_to_B,True,unresolved,83
D2,LMM,B_to_A,True,B_to_A,35
D2,LMM,B_to_A,True,unresolved,77
D2,MERF,A_to_B,True,A_to_B,12
D2,MERF,A_to_B,True,B_to_A,3
D2,MERF,A_to_B,True,unresolved,98
D2,MERF,B_to_A,True,A_to_B,5
D2,MERF,B_to_A,True,B_to_A,20
D2,MERF,B_to_A,True,unresolved,87
D2,Mean,A_to_B,True,no_edge,113
D2,Mean,B_to_A,True,no_edge,112
D2,RF,A_to_B,True,A_to_B,13
D2,RF,A_to_B,True,B_to_A,5
D2,RF,A_to_B,True,unresolved,95
D2,RF,B_to_A,True,A_to_B,5
D2,RF,B_to_A,True,B_to_A,22
D2,RF,B_to_A,True,unresolved,85
D3,GAM,A_to_B,True,A_to_B,5
D3,GAM,A_to_B,True,B_to_A,13
D3,GAM,A_to_B,True,unresolved,82
D3,GAM,B_to_A,True,A_to_B,6
D3,GAM,B_to_A,True,B_to_A,6
D3,GAM,B_to_A,True,unresolved,88
D3,GPR,A_to_B,True,A_to_B,13
D3,GPR,A_to_B,True,B_to_A,5
D3,GPR,A_to_B,True,unresolved,82
D3,GPR,B_to_A,True,A_to_B,6
D3,GPR,B_to_A,True,B_to_A,13
D3,GPR,B_to_A,True,unresolved,81
D3,LMM,A_to_B,True,A_to_B,2
D3,LMM,A_to_B,True,B_to_A,9
D3,LMM,A_to_B,True,unresolved,89
D3,LMM,B_to_A,True,A_to_B,12
D3,LMM,B_to_A,True,B_to_A,5
D3,LMM,B_to_A,True,unresolved,83
D3,MERF,A_to_B,True,A_to_B,19
D3,MERF,A_to_B,True,B_to_A,12
D3,MERF,A_to_B,True,unresolved,69
D3,MERF,B_to_A,True,A_to_B,15
D3,MERF,B_to_A,True,B_to_A,16
D3,MERF,B_to_A,True,unresolved,69
D3,Mean,A_to_B,True,no_edge,100
D3,Mean,B_to_A,True,no_edge,100
D3,RF,A_to_B,True,A_to_B,16
D3,RF,A_to_B,True,B_to_A,16
D3,RF,A_to_B,True,unresolved,68
D3,RF,B_to_A,True,A_to_B,17
D3,RF,B_to_A,True,B_to_A,12
D3,RF,B_to_A,True,unresolved,71
D4,GAM,A_to_B,True,A_to_B,30
D4,GAM,A_to_B,True,B_to_A,3
D4,GAM,A_to_B,True,no_edge,3
D4,GAM,A_to_B,True,unresolved,102
D4,GAM,B_to_A,True,A_to_B,1
D4,GAM,B_to_A,True,B_to_A,26
D4,GAM,B_to_A,True,no_edge,6
D4,GAM,B_to_A,True,unresolved,104
D4,GPR,A_to_B,True,A_to_B,15
D4,GPR,A_to_B,True,B_to_A,3
D4,GPR,A_to_B,True,no_edge,48
D4,GPR,A_to_B,True,unresolved,72
D4,GPR,B_to_A,True,A_to_B,2
D4,GPR,B_to_A,True,B_to_A,17
D4,GPR,B_to_A,True,no_edge,49
D4,GPR,B_to_A,True,unresolved,69
D4,LMM,A_to_B,True,B_to_A,1
D4,LMM,A_to_B,True,no_edge,69
D4,LMM,A_to_B,True,unresolved,68
D4,LMM,B_to_A,True,no_edge,71
D4,LMM,B_to_A,True,unresolved,66
D4,MERF,A_to_B,True,A_to_B,51
D4,MERF,A_to_B,True,B_to_A,4
D4,MERF,A_to_B,True,no_edge,3
D4,MERF,A_to_B,True,unresolved,80
D4,MERF,B_to_A,True,A_to_B,1
D4,MERF,B_to_A,True,B_to_A,50
D4,MERF,B_to_A,True,no_edge,5
D4,MERF,B_to_A,True,unresolved,81
D4,Mean,A_to_B,True,no_edge,138
D4,Mean,B_to_A,True,no_edge,137
D4,RF,A_to_B,True,A_to_B,49
D4,RF,A_to_B,True,B_to_A,3
D4,RF,A_to_B,True,no_edge,3
D4,RF,A_to_B,True,unresolved,83
D4,RF,B_to_A,True,A_to_B,4
D4,RF,B_to_A,True,B_to_A,49
D4,RF,B_to_A,True,no_edge,6
D4,RF,B_to_A,True,unresolved,78
D5,GAM,A_to_B,True,A_to_B,18
D5,GAM,A_to_B,True,B_to_A,6
D5,GAM,A_to_B,True,unresolved,89
D5,GAM,B_to_A,True,A_to_B,4
D5,GAM,B_to_A,True,B_to_A,17
D5,GAM,B_to_A,True,no_edge,1
D5,GAM,B_to_A,True,unresolved,90
D5,GPR,A_to_B,True,A_to_B,9
D5,GPR,A_to_B,True,B_to_A,5
D5,GPR,A_to_B,True,no_edge,23
D5,GPR,A_to_B,True,unresolved,76
D5,GPR,B_to_A,True,A_to_B,12
D5,GPR,B_to_A,True,B_to_A,12
D5,GPR,B_to_A,True,no_edge,22
D5,GPR,B_to_A,True,unresolved,66
D5,LMM,A_to_B,True,A_to_B,2
D5,LMM,A_to_B,True,B_to_A,1
D5,LMM,A_to_B,True,no_edge,29
D5,LMM,A_to_B,True,unresolved,81
D5,LMM,B_to_A,True,A_to_B,2
D5,LMM,B_to_A,True,B_to_A,2
D5,LMM,B_to_A,True,no_edge,29
D5,LMM,B_to_A,True,unresolved,79
D5,MERF,A_to_B,True,A_to_B,29
D5,MERF,A_to_B,True,B_to_A,10
D5,MERF,A_to_B,True,unresolved,74
D5,MERF,B_to_A,True,A_to_B,3
D5,MERF,B_to_A,True,B_to_A,24
D5,MERF,B_to_A,True,no_edge,2
D5,MERF,B_to_A,True,unresolved,83
D5,Mean,A_to_B,True,no_edge,113
D5,Mean,B_to_A,True,no_edge,112
D5,RF,A_to_B,True,A_to_B,27
D5,RF,A_to_B,True,B_to_A,10
D5,RF,A_to_B,True,no_edge,1
D5,RF,A_to_B,True,unresolved,75
D5,RF,B_to_A,True,A_to_B,10
D5,RF,B_to_A,True,B_to_A,33
D5,RF,B_to_A,True,no_edge,3
D5,RF,B_to_A,True,unresolved,66
D6,GAM,A_to_B,True,A_to_B,10
D6,GAM,A_to_B,True,B_to_A,15
D6,GAM,A_to_B,True,unresolved,75
D6,GAM,B_to_A,True,A_to_B,12
D6,GAM,B_to_A,True,B_to_A,7
D6,GAM,B_to_A,True,unresolved,81
D6,GPR,A_to_B,True,A_to_B,6
D6,GPR,A_to_B,True,B_to_A,9
D6,GPR,A_to_B,True,no_edge,1
D6,GPR,A_to_B,True,unresolved,84
D6,GPR,B_to_A,True,A_to_B,6
D6,GPR,B_to_A,True,B_to_A,20
D6,GPR,B_to_A,True,no_edge,3
D6,GPR,B_to_A,True,unresolved,71
D6,LMM,A_to_B,True,A_to_B,4
D6,LMM,A_to_B,True,B_to_A,12
D6,LMM,A_to_B,True,unresolved,84
D6,LMM,B_to_A,True,A_to_B,8
D6,LMM,B_to_A,True,B_to_A,8
D6,LMM,B_to_A,True,unresolved,84
D6,MERF,A_to_B,True,A_to_B,21
D6,MERF,A_to_B,True,B_to_A,10
D6,MERF,A_to_B,True,unresolved,69
D6,MERF,B_to_A,True,A_to_B,8
D6,MERF,B_to_A,True,B_to_A,21
D6,MERF,B_to_A,True,unresolved,71
D6,Mean,A_to_B,True,no_edge,100
D6,Mean,B_to_A,True,no_edge,100
D6,RF,A_to_B,True,A_to_B,16
D6,RF,A_to_B,True,B_to_A,12
D6,RF,A_to_B,True,unresolved,72
D6,RF,B_to_A,True,A_to_B,12
D6,RF,B_to_A,True,B_to_A,14
D6,RF,B_to_A,True,unresolved,74
D7,GAM,no_edge,True,A_to_B,8
D7,GAM,no_edge,True,B_to_A,11
D7,GAM,no_edge,True,no_edge,96
D7,GAM,no_edge,True,unresolved,85
D7,GPR,no_edge,True,no_edge,179
D7,GPR,no_edge,True,unresolved,21
D7,LMM,no_edge,True,no_edge,200
D7,MERF,no_edge,True,A_to_B,7
D7,MERF,no_edge,True,B_to_A,7
D7,MERF,no_edge,True,no_edge,50
D7,MERF,no_edge,True,unresolved,136
D7,Mean,no_edge,True,no_edge,200
D7,RF,no_edge,True,A_to_B,10
D7,RF,no_edge,True,B_to_A,5
D7,RF,no_edge,True,no_edge,77
D7,RF,no_edge,True,unresolved,108
D8,GAM,no_edge,True,A_to_B,14
D8,GAM,no_edge,True,B_to_A,8
D8,GAM,no_edge,True,unresolved,203
D8,GPR,no_edge,True,A_to_B,11
D8,GPR,no_edge,True,B_to_A,15
D8,GPR,no_edge,True,no_edge,28
D8,GPR,no_edge,True,unresolved,171
D8,LMM,no_edge,True,A_to_B,4
D8,LMM,no_edge,True,B_to_A,7
D8,LMM,no_edge,True,no_edge,15
D8,LMM,no_edge,True,unresolved,199
D8,MERF,no_edge,True,A_to_B,34
D8,MERF,no_edge,True,B_to_A,21
D8,MERF,no_edge,True,unresolved,170
D8,Mean,no_edge,True,no_edge,225
D8,RF,no_edge,True,A_to_B,22
D8,RF,no_edge,True,B_to_A,19
D8,RF,no_edge,True,unresolved,184
D9,GAM,A_to_B,True,A_to_B,15
D9,GAM,A_to_B,True,B_to_A,1
D9,GAM,A_to_B,True,unresolved,84
D9,GAM,B_to_A,True,B_to_A,14
D9,GAM,B_to_A,True,unresolved,86
D9,GPR,A_to_B,True,A_to_B,2
D9,GPR,A_to_B,True,B_to_A,11
D9,GPR,A_to_B,True,no_edge,5
D9,GPR,A_to_B,True,unresolved,82
D9,GPR,B_to_A,True,A_to_B,8
D9,GPR,B_to_A,True,B_to_A,4
D9,GPR,B_to_A,True,no_edge,9
D9,GPR,B_to_A,True,unresolved,79
D9,LMM,A_to_B,True,A_to_B,19
D9,LMM,A_to_B,True,no_edge,11
D9,LMM,A_to_B,True,unresolved,70
D9,LMM,B_to_A,True,A_to_B,1
D9,LMM,B_to_A,True,B_to_A,13
D9,LMM,B_to_A,True,no_edge,11
D9,LMM,B_to_A,True,unresolved,75
D9,MERF,A_to_B,True,A_to_B,21
D9,MERF,A_to_B,True,B_to_A,7
D9,MERF,A_to_B,True,unresolved,72
D9,MERF,B_to_A,True,A_to_B,1
D9,MERF,B_to_A,True,B_to_A,13
D9,MERF,B_to_A,True,unresolved,86
D9,Mean,A_to_B,True,no_edge,100
D9,Mean,B_to_A,True,no_edge,100
D9,RF,A_to_B,True,A_to_B,19
D9,RF,A_to_B,True,B_to_A,6
D9,RF,A_to_B,True,unresolved,75
D9,RF,B_to_A,True,A_to_B,6
D9,RF,B_to_A,True,B_to_A,13
D9,RF,B_to_A,True,unresolved,81
